[2025-01-08T11:23:18+08:00] 206 "/chfs/shared/FILES/E-sysTemp/body/northFlower/apache-flower-v3-siCherry-251/siCherry-251-s1.mp3?v=1&vvv=1" 
[2025-01-08T11:23:18+08:00] 206 "/chfs/shared/FILES/E-sysTemp/body/northFlower/apache-flower-v3-siCherry-251/siCherry-251-s1.mp3?v=1&vvv=1" 
[2025-01-08T11:25:35+08:00] 200 "/chfs/shared/FILES/E-sysTemp/Cow/dreamMilk/SICherry-093/SICherry-093-S1.mp3?v=1&vvv=1" 
[2025-01-08T11:25:35+08:00] 206 "/chfs/shared/FILES/E-sysTemp/Cow/dreamMilk/SICherry-093/SICherry-093-S1.mp3?v=1&vvv=1" 
[2025-01-08T11:25:35+08:00] 206 "/chfs/shared/FILES/E-sysTemp/Cow/dreamMilk/SICherry-093/SICherry-093-S1.mp3?v=1&vvv=1" 
[2025-01-08T11:25:35+08:00] 206 "/chfs/shared/FILES/E-sysTemp/Cow/dreamMilk/SICherry-093/SICherry-093-S1.mp3?v=1&vvv=1" 
[2025-01-08T11:25:37+08:00] 206 "/chfs/shared/FILES/E-sysTemp/Cow/dreamMilk/SICherry-093/SICherry-093-S1.mp3?v=1&vvv=1" 
[2025-01-08T11:25:39+08:00] 206 "/chfs/shared/FILES/E-sysTemp/Cow/dreamMilk/SICherry-093/SICherry-093-S1.mp3?v=1&vvv=1" 
[2025-01-08T11:25:41+08:00] 206 "/chfs/shared/FILES/E-sysTemp/Cow/dreamMilk/SICherry-093/SICherry-093-S1.mp3?v=1&vvv=1" 
[2025-01-08T11:26:32+08:00] 200 "/chfs/shared/FILES/E-sysTemp/Cow/dreamMilk/SICherry-142/SICherry-142.mp3?v=1&vvv=1" 
[2025-01-08T11:26:32+08:00] 206 "/chfs/shared/FILES/E-sysTemp/Cow/dreamMilk/SICherry-142/SICherry-142.mp3?v=1&vvv=1" 
[2025-01-08T11:26:32+08:00] 206 "/chfs/shared/FILES/E-sysTemp/Cow/dreamMilk/SICherry-142/SICherry-142.mp3?v=1&vvv=1" 
[2025-01-08T11:26:34+08:00] 206 "/chfs/shared/FILES/E-sysTemp/Cow/dreamMilk/SICherry-142/SICherry-142.mp3?v=1&vvv=1" 
[2025-01-08T11:26:34+08:00] 206 "/chfs/shared/FILES/E-sysTemp/Cow/dreamMilk/SICherry-142/SICherry-142.mp3?v=1&vvv=1" 
[2025-01-08T11:26:35+08:00] 206 "/chfs/shared/FILES/E-sysTemp/Cow/dreamMilk/SICherry-142/SICherry-142.mp3?v=1&vvv=1" 
[2025-01-08T11:26:38+08:00] 206 "/chfs/shared/FILES/E-sysTemp/Cow/dreamMilk/SICherry-142/SICherry-142.mp3?v=1&vvv=1" 
[2025-01-08T11:26:42+08:00] 206 "/chfs/shared/FILES/E-sysTemp/Cow/dreamMilk/SICherry-142/SICherry-142.mp3?v=1&vvv=1" 
[2025-01-08T11:31:03+08:00] 200 "/chfs/shared/FILES/E-sysTemp/Cow/dreamMilk/SICherry-093/SICherry-093-S1.mp3?v=1&vvv=1" 
[2025-01-08T11:31:04+08:00] 206 "/chfs/shared/FILES/E-sysTemp/Cow/dreamMilk/SICherry-093/SICherry-093-S1.mp3?v=1&vvv=1" 
[2025-01-08T11:31:04+08:00] 206 "/chfs/shared/FILES/E-sysTemp/Cow/dreamMilk/SICherry-093/SICherry-093-S1.mp3?v=1&vvv=1" 
[2025-01-08T11:31:04+08:00] 206 "/chfs/shared/FILES/E-sysTemp/Cow/dreamMilk/SICherry-093/SICherry-093-S1.mp3?v=1&vvv=1" 
[2025-01-08T11:31:06+08:00] 206 "/chfs/shared/FILES/E-sysTemp/Cow/dreamMilk/SICherry-093/SICherry-093-S1.mp3?v=1&vvv=1" 
[2025-01-08T11:31:07+08:00] 206 "/chfs/shared/FILES/E-sysTemp/Cow/dreamMilk/SICherry-093/SICherry-093-S1.mp3?v=1&vvv=1" 
[2025-01-08T11:31:08+08:00] 206 "/chfs/shared/FILES/E-sysTemp/Cow/dreamMilk/SICherry-093/SICherry-093-S1.mp3?v=1&vvv=1" 
[2025-01-08T11:31:09+08:00] 206 "/chfs/shared/FILES/E-sysTemp/Cow/dreamMilk/SICherry-093/SICherry-093-S1.mp3?v=1&vvv=1" 
[2025-01-08T11:31:10+08:00] 206 "/chfs/shared/FILES/E-sysTemp/Cow/dreamMilk/SICherry-093/SICherry-093-S1.mp3?v=1&vvv=1" 
[2025-01-08T11:31:12+08:00] 206 "/chfs/shared/FILES/E-sysTemp/Cow/dreamMilk/SICherry-093/SICherry-093-S1.mp3?v=1&vvv=1" 
[2025-01-08T11:31:13+08:00] 206 "/chfs/shared/FILES/E-sysTemp/Cow/dreamMilk/SICherry-093/SICherry-093-S1.mp3?v=1&vvv=1" 
[2025-01-08T11:31:16+08:00] 206 "/chfs/shared/FILES/E-sysTemp/Cow/dreamMilk/SICherry-093/SICherry-093-S1.mp3?v=1&vvv=1" 
[2025-01-08T11:31:16+08:00] 499 "/chfs/shared/FILES/E-sysTemp/Cow/dreamMilk/SICherry-093/SICherry-093-S1.mp3?v=1&vvv=1" 
[2025-01-08T11:31:18+08:00] 206 "/chfs/shared/FILES/E-sysTemp/Cow/dreamMilk/SICherry-093/SICherry-093-S1.mp3?v=1&vvv=1" 
[2025-01-08T11:31:22+08:00] 200 "/chfs/shared/FILES/E-sysTemp/Cow/dreamMilk/SICherry-093/SICherry-093-S2.mp3?v=1&vvv=1" 
[2025-01-08T11:31:22+08:00] 206 "/chfs/shared/FILES/E-sysTemp/Cow/dreamMilk/SICherry-093/SICherry-093-S2.mp3?v=1&vvv=1" 
[2025-01-08T11:31:22+08:00] 206 "/chfs/shared/FILES/E-sysTemp/Cow/dreamMilk/SICherry-093/SICherry-093-S2.mp3?v=1&vvv=1" 
[2025-01-08T11:31:22+08:00] 206 "/chfs/shared/FILES/E-sysTemp/Cow/dreamMilk/SICherry-093/SICherry-093-S2.mp3?v=1&vvv=1" 
[2025-01-08T11:31:24+08:00] 206 "/chfs/shared/FILES/E-sysTemp/Cow/dreamMilk/SICherry-093/SICherry-093-S2.mp3?v=1&vvv=1" 
[2025-01-08T11:31:25+08:00] 206 "/chfs/shared/FILES/E-sysTemp/Cow/dreamMilk/SICherry-093/SICherry-093-S2.mp3?v=1&vvv=1" 
[2025-01-08T11:31:26+08:00] 206 "/chfs/shared/FILES/E-sysTemp/Cow/dreamMilk/SICherry-093/SICherry-093-S2.mp3?v=1&vvv=1" 
[2025-01-08T11:31:27+08:00] 206 "/chfs/shared/FILES/E-sysTemp/Cow/dreamMilk/SICherry-093/SICherry-093-S2.mp3?v=1&vvv=1" 
[2025-01-08T11:31:30+08:00] 206 "/chfs/shared/FILES/E-sysTemp/Cow/dreamMilk/SICherry-093/SICherry-093-S2.mp3?v=1&vvv=1" 
[2025-01-08T11:32:31+08:00] 200 "/chfs/shared/FILES/E-sysTemp/Cow/lotus-leaf/apache-v3-BIBICherry-010/BIBICherry-010.mp3?v=1&vvv=1" 
[2025-01-08T11:32:31+08:00] 206 "/chfs/shared/FILES/E-sysTemp/Cow/lotus-leaf/apache-v3-BIBICherry-010/BIBICherry-010.mp3?v=1&vvv=1" 
[2025-01-08T11:32:31+08:00] 206 "/chfs/shared/FILES/E-sysTemp/Cow/lotus-leaf/apache-v3-BIBICherry-010/BIBICherry-010.mp3?v=1&vvv=1" 
[2025-01-08T11:32:32+08:00] 206 "/chfs/shared/FILES/E-sysTemp/Cow/lotus-leaf/apache-v3-BIBICherry-010/BIBICherry-010.mp3?v=1&vvv=1" 
[2025-01-08T11:32:33+08:00] 206 "/chfs/shared/FILES/E-sysTemp/Cow/lotus-leaf/apache-v3-BIBICherry-010/BIBICherry-010.mp3?v=1&vvv=1" 
[2025-01-08T11:32:34+08:00] 206 "/chfs/shared/FILES/E-sysTemp/Cow/lotus-leaf/apache-v3-BIBICherry-010/BIBICherry-010.mp3?v=1&vvv=1" 
[2025-01-08T11:32:37+08:00] 206 "/chfs/shared/FILES/E-sysTemp/Cow/lotus-leaf/apache-v3-BIBICherry-010/BIBICherry-010.mp3?v=1&vvv=1" 
[2025-01-08T11:33:52+08:00] 200 "/chfs/shared/FILES/E-sysTemp/Cow/dreamMilk/SICherry-093/SICherry-093-S2.mp3?v=1&vvv=1" 
[2025-01-08T11:33:52+08:00] 206 "/chfs/shared/FILES/E-sysTemp/Cow/dreamMilk/SICherry-093/SICherry-093-S2.mp3?v=1&vvv=1" 
[2025-01-08T11:33:52+08:00] 206 "/chfs/shared/FILES/E-sysTemp/Cow/dreamMilk/SICherry-093/SICherry-093-S2.mp3?v=1&vvv=1" 
[2025-01-08T11:33:53+08:00] 499 "/chfs/shared/FILES/E-sysTemp/Cow/dreamMilk/SICherry-093/SICherry-093-S2.mp3?v=1&vvv=1" 
[2025-01-08T11:33:54+08:00] 206 "/chfs/shared/FILES/E-sysTemp/Cow/dreamMilk/SICherry-093/SICherry-093-S2.mp3?v=1&vvv=1" 
[2025-01-08T11:33:56+08:00] 206 "/chfs/shared/FILES/E-sysTemp/Cow/dreamMilk/SICherry-093/SICherry-093-S2.mp3?v=1&vvv=1" 
[2025-01-08T11:33:57+08:00] 206 "/chfs/shared/FILES/E-sysTemp/Cow/dreamMilk/SICherry-093/SICherry-093-S2.mp3?v=1&vvv=1" 
[2025-01-08T11:33:59+08:00] 206 "/chfs/shared/FILES/E-sysTemp/Cow/dreamMilk/SICherry-093/SICherry-093-S2.mp3?v=1&vvv=1" 
[2025-01-08T11:34:01+08:00] 206 "/chfs/shared/FILES/E-sysTemp/Cow/dreamMilk/SICherry-093/SICherry-093-S2.mp3?v=1&vvv=1" 
[2025-01-08T11:35:56+08:00] 200 "/chfs/shared/FILES/E-sysTemp/Cow/dreamMilk/SICherry-093/SICherry-093-S2.mp3?v=1&vvv=1" 
[2025-01-08T11:35:56+08:00] 206 "/chfs/shared/FILES/E-sysTemp/Cow/dreamMilk/SICherry-093/SICherry-093-S2.mp3?v=1&vvv=1" 
[2025-01-08T11:35:56+08:00] 206 "/chfs/shared/FILES/E-sysTemp/Cow/dreamMilk/SICherry-093/SICherry-093-S2.mp3?v=1&vvv=1" 
[2025-01-08T11:35:58+08:00] 206 "/chfs/shared/FILES/E-sysTemp/Cow/dreamMilk/SICherry-093/SICherry-093-S2.mp3?v=1&vvv=1" 
[2025-01-08T11:35:58+08:00] 206 "/chfs/shared/FILES/E-sysTemp/Cow/dreamMilk/SICherry-093/SICherry-093-S2.mp3?v=1&vvv=1" 
[2025-01-08T11:36:00+08:00] 206 "/chfs/shared/FILES/E-sysTemp/Cow/dreamMilk/SICherry-093/SICherry-093-S2.mp3?v=1&vvv=1" 
[2025-01-08T11:36:02+08:00] 206 "/chfs/shared/FILES/E-sysTemp/Cow/dreamMilk/SICherry-093/SICherry-093-S2.mp3?v=1&vvv=1" 
[2025-01-08T11:36:03+08:00] 206 "/chfs/shared/FILES/E-sysTemp/Cow/dreamMilk/SICherry-093/SICherry-093-S2.mp3?v=1&vvv=1" 
[2025-01-08T11:36:08+08:00] 206 "/chfs/shared/FILES/E-sysTemp/Cow/dreamMilk/SICherry-093/SICherry-093-S2.mp3?v=1&vvv=1" 
[2025-01-08T11:36:10+08:00] 206 "/chfs/shared/FILES/E-sysTemp/Cow/dreamMilk/SICherry-093/SICherry-093-S2.mp3?v=1&vvv=1" 
[2025-01-08T11:36:12+08:00] 206 "/chfs/shared/FILES/E-sysTemp/Cow/dreamMilk/SICherry-093/SICherry-093-S2.mp3?v=1&vvv=1" 
[2025-01-09T01:51:14+08:00] 206 "/chfs/shared/FILES/E-sysTemp/Cow/dreamMilk/siCherry-246/siCherry-246.mp3?v=1&vvv=1" 
[2025-01-09T01:51:15+08:00] 206 "/chfs/shared/FILES/E-sysTemp/Cow/dreamMilk/siCherry-246/siCherry-246.mp3?v=1&vvv=1" 
[2025-01-09T02:07:39+08:00] 206 "/chfs/shared/FILES/E-sysTemp/Cow/dreamMilk/siCherry-246/siCherry-246.mp3?v=1&vvv=1" 
[2025-01-10T09:40:10+08:00] 206 "/chfs/shared/FILES/E-sysTemp/body/HD/saCherry-504/saCherry-504.mp3?v=1&vvv=1" 
[2025-01-10T09:40:10+08:00] 206 "/chfs/shared/FILES/E-sysTemp/body/HD/saCherry-504/saCherry-504.mp3?v=1&vvv=1" 
[2025-01-10T09:40:13+08:00] 206 "/chfs/shared/FILES/E-sysTemp/body/HD/saCherry-504/saCherry-504.mp3?v=1&vvv=1" 
[2025-01-10T09:42:49+08:00] 206 "/chfs/shared/FILES/E-sysTemp/body/HD/saCherry-504/saCherry-504.mp3?v=1&vvv=1" 
[2025-01-10T09:42:49+08:00] 206 "/chfs/shared/FILES/E-sysTemp/body/HD/saCherry-504/saCherry-504.mp3?v=1&vvv=1" 
[2025-01-10T09:43:10+08:00] 206 "/chfs/shared/FILES/E-sysTemp/body/HD/saCherry-504/saCherry-504.mp3?v=1&vvv=1" 
[2025-01-10T09:43:12+08:00] 206 "/chfs/shared/FILES/E-sysTemp/body/HD/saCherry-504/saCherry-504.mp3?v=1&vvv=1" 
[2025-01-10T09:43:12+08:00] 206 "/chfs/shared/FILES/E-sysTemp/body/HD/saCherry-504/saCherry-504.mp3?v=1&vvv=1" 
[2025-01-10T09:49:29+08:00] 206 "/chfs/shared/FILES/E-sysTemp/body/HD/saCherry-504/saCherry-504.mp3?v=1&vvv=1" 
[2025-01-10T09:49:29+08:00] 206 "/chfs/shared/FILES/E-sysTemp/body/HD/saCherry-504/saCherry-504.mp3?v=1&vvv=1" 
[2025-01-10T10:03:17+08:00] 206 "/chfs/shared/FILES/E-sysTemp/body/HD/saCherry-504/saCherry-504.mp3?v=1&vvv=1" 
[2025-01-12T01:34:04+08:00] 206 "/chfs/shared/FILES/E-sysTemp/body/deepField/zinx-v3-RCherry-047/RCherry-047.mp3?v=1&vvv=1" 
[2025-01-12T01:34:04+08:00] 206 "/chfs/shared/FILES/E-sysTemp/body/deepField/zinx-v3-RCherry-047/RCherry-047.mp3?v=1&vvv=1" 
[2025-01-12T01:34:50+08:00] 206 "/chfs/shared/FILES/E-sysTemp/body/deepField/zinx-v3-RCherry-047/RCherry-047.mp3?v=1&vvv=1" 
[2025-01-12T01:34:51+08:00] 206 "/chfs/shared/FILES/E-sysTemp/body/deepField/zinx-v3-RCherry-047/RCherry-047.mp3?v=1&vvv=1" 
[2025-01-12T01:34:51+08:00] 206 "/chfs/shared/FILES/E-sysTemp/body/deepField/zinx-v3-RCherry-047/RCherry-047.mp3?v=1&vvv=1" 
[2025-01-12T01:34:51+08:00] 206 "/chfs/shared/FILES/E-sysTemp/body/deepField/zinx-v3-RCherry-047/RCherry-047.mp3?v=1&vvv=1" 
[2025-01-12T01:34:52+08:00] 206 "/chfs/shared/FILES/E-sysTemp/body/deepField/zinx-v3-RCherry-047/RCherry-047.mp3?v=1&vvv=1" 
[2025-01-12T01:36:58+08:00] 206 "/chfs/shared/FILES/E-sysTemp/body/deepField/zinx-v3-RCherry-047/RCherry-047.mp3?v=1&vvv=1" 
[2025-01-12T01:36:59+08:00] 206 "/chfs/shared/FILES/E-sysTemp/body/deepField/zinx-v3-RCherry-047/RCherry-047.mp3?v=1&vvv=1" 
[2025-01-12T01:52:57+08:00] 206 "/chfs/shared/FILES/E-sysTemp/body/deepField/zinx-v3-RCherry-047/RCherry-047.mp3?v=1&vvv=1" 
[2025-01-12T07:13:55+08:00] 206 "/chfs/shared/FILES/E-sysTemp/Cow/teeth/time-589/time-589.mp3?v=1&vvv=1" 
[2025-01-12T07:13:55+08:00] 206 "/chfs/shared/FILES/E-sysTemp/Cow/teeth/time-589/time-589.mp3?v=1&vvv=1" 
[2025-01-12T07:24:17+08:00] 206 "/chfs/shared/FILES/E-sysTemp/Cow/teeth/time-589/time-589.mp3?v=1&vvv=1" 
[2025-01-12T07:24:18+08:00] 206 "/chfs/shared/FILES/E-sysTemp/Cow/teeth/time-589/time-589.mp3?v=1&vvv=1" 
[2025-01-12T07:38:08+08:00] 206 "/chfs/shared/FILES/E-sysTemp/Cow/teeth/time-589/time-589.mp3?v=1&vvv=1" 
[2025-01-12T07:38:08+08:00] 206 "/chfs/shared/FILES/E-sysTemp/Cow/teeth/time-589/time-589.mp3?v=1&vvv=1" 
[2025-01-12T07:38:09+08:00] 206 "/chfs/shared/FILES/E-sysTemp/Cow/teeth/time-589/time-589.mp3?v=1&vvv=1" 
[2025-01-12T07:38:10+08:00] 206 "/chfs/shared/FILES/E-sysTemp/Cow/teeth/time-589/time-589.mp3?v=1&vvv=1" 
[2025-01-12T07:38:16+08:00] 206 "/chfs/shared/FILES/E-sysTemp/Cow/teeth/time-589/time-589.mp3?v=1&vvv=1" 
[2025-01-13T07:45:37+08:00] 206 "/chfs/shared/FILES/E-sysTemp/body/cute/beauty-org-clothes/netsp-267/netsp-267.mp3?v=1&vvv=1" 
[2025-01-13T07:45:38+08:00] 206 "/chfs/shared/FILES/E-sysTemp/body/cute/beauty-org-clothes/netsp-267/netsp-267.mp3?v=1&vvv=1" 
[2025-01-13T07:45:42+08:00] 206 "/chfs/shared/FILES/E-sysTemp/body/cute/beauty-org-clothes/netsp-267/netsp-267.mp3?v=1&vvv=1" 
[2025-01-13T07:48:07+08:00] 206 "/chfs/shared/FILES/E-sysTemp/body/cute/beauty-org-clothes/netsp-267/netsp-267.mp3?v=1&vvv=1" 
[2025-01-13T07:48:07+08:00] 206 "/chfs/shared/FILES/E-sysTemp/body/cute/beauty-org-clothes/netsp-267/netsp-267.mp3?v=1&vvv=1" 
[2025-01-13T08:09:33+08:00] 206 "/chfs/shared/FILES/E-sysTemp/body/cute/beauty-org-clothes/netsp-267/netsp-267.mp3?v=1&vvv=1" 
[2025-01-14T00:40:03+08:00] 206 "/chfs/shared/FILES/E-sysTemp/Cow/dreamMilk/siCherry-294/siCherry-294-S2.mp3?v=1&vvv=1" 
[2025-01-14T00:40:03+08:00] 206 "/chfs/shared/FILES/E-sysTemp/Cow/dreamMilk/siCherry-294/siCherry-294-S2.mp3?v=1&vvv=1" 
[2025-01-14T00:40:16+08:00] 206 "/chfs/shared/FILES/E-sysTemp/Cow/dreamMilk/siCherry-294/siCherry-294-S2.mp3?v=1&vvv=1" 
[2025-01-14T00:40:16+08:00] 206 "/chfs/shared/FILES/E-sysTemp/Cow/dreamMilk/siCherry-294/siCherry-294-S2.mp3?v=1&vvv=1" 
[2025-01-14T00:40:17+08:00] 206 "/chfs/shared/FILES/E-sysTemp/Cow/dreamMilk/siCherry-294/siCherry-294-S2.mp3?v=1&vvv=1" 
[2025-01-14T00:40:18+08:00] 206 "/chfs/shared/FILES/E-sysTemp/Cow/dreamMilk/siCherry-294/siCherry-294-S2.mp3?v=1&vvv=1" 
[2025-01-14T00:43:37+08:00] 206 "/chfs/shared/FILES/E-sysTemp/Cow/dreamMilk/siCherry-294/siCherry-294-S2.mp3?v=1&vvv=1" 
[2025-01-14T00:43:37+08:00] 206 "/chfs/shared/FILES/E-sysTemp/Cow/dreamMilk/siCherry-294/siCherry-294-S2.mp3?v=1&vvv=1" 
[2025-01-14T01:05:35+08:00] 206 "/chfs/shared/FILES/E-sysTemp/Cow/dreamMilk/siCherry-294/siCherry-294-S2.mp3?v=1&vvv=1" 
[2025-01-14T01:05:53+08:00] 206 "/chfs/shared/FILES/E-sysTemp/Cow/dreamMilk/siCherry-294/siCherry-294-S2.mp3?v=1&vvv=1" 
[2025-01-14T01:05:53+08:00] 206 "/chfs/shared/FILES/E-sysTemp/Cow/dreamMilk/siCherry-294/siCherry-294-S2.mp3?v=1&vvv=1" 
[2025-01-14T01:06:07+08:00] 206 "/chfs/shared/FILES/E-sysTemp/Cow/dreamMilk/siCherry-294/siCherry-294-S2.mp3?v=1&vvv=1" 
[2025-01-17T01:41:36+08:00] 206 "/chfs/shared/FILES/E-sysTemp/Cow/threeup/siCherry-271/siCherry-271.mp3?v=1&vvv=1" 
[2025-01-17T01:41:36+08:00] 206 "/chfs/shared/FILES/E-sysTemp/Cow/threeup/siCherry-271/siCherry-271.mp3?v=1&vvv=1" 
[2025-01-17T01:41:56+08:00] 206 "/chfs/shared/FILES/E-sysTemp/Cow/threeup/siCherry-271/siCherry-271.mp3?v=1&vvv=1" 
[2025-01-17T01:42:21+08:00] 206 "/chfs/shared/FILES/E-sysTemp/Cow/threeup/siCherry-271/siCherry-271.mp3?v=1&vvv=1" 
[2025-01-17T01:42:23+08:00] 206 "/chfs/shared/FILES/E-sysTemp/Cow/threeup/siCherry-271/siCherry-271.mp3?v=1&vvv=1" 
[2025-01-17T01:42:24+08:00] 206 "/chfs/shared/FILES/E-sysTemp/Cow/threeup/siCherry-271/siCherry-271.mp3?v=1&vvv=1" 
[2025-01-17T01:43:33+08:00] 206 "/chfs/shared/FILES/E-sysTemp/Cow/threeup/siCherry-271/siCherry-271.mp3?v=1&vvv=1" 
[2025-01-17T01:44:34+08:00] 206 "/chfs/shared/FILES/E-sysTemp/Cow/threeup/siCherry-271/siCherry-271.mp3?v=1&vvv=1" 
[2025-01-17T01:44:37+08:00] 206 "/chfs/shared/FILES/E-sysTemp/Cow/threeup/siCherry-271/siCherry-271.mp3?v=1&vvv=1" 
[2025-01-17T02:04:05+08:00] 206 "/chfs/shared/FILES/E-sysTemp/Cow/threeup/siCherry-271/siCherry-271.mp3?v=1&vvv=1" 
[2025-01-18T01:19:38+08:00] 206 "/chfs/shared/FILES/F-sysTemp/Virtualv/wf/south/ipCherry-167/ipCherry-167.mp3?v=1&vvv=1" 
[2025-01-18T01:19:38+08:00] 206 "/chfs/shared/FILES/F-sysTemp/Virtualv/wf/south/ipCherry-167/ipCherry-167.mp3?v=1&vvv=1" 
[2025-01-18T01:19:41+08:00] 206 "/chfs/shared/FILES/F-sysTemp/Virtualv/wf/south/ipCherry-167/ipCherry-167.mp3?v=1&vvv=1" 
[2025-01-18T01:20:42+08:00] 499 "/chfs/shared/FILES/F-sysTemp/Virtualv/wf/south/ipCherry-167/ipCherry-167.mp3?v=1&vvv=1" 
[2025-01-18T01:20:42+08:00] 206 "/chfs/shared/FILES/F-sysTemp/Virtualv/wf/south/ipCherry-167/ipCherry-167.mp3?v=1&vvv=1" 
[2025-01-18T01:24:26+08:00] 206 "/chfs/shared/FILES/E-sysTemp/Cow/river-west/siCherry-297/siCherry-297-s2.mp3?v=1&vvv=10123" 
[2025-01-18T01:24:26+08:00] 206 "/chfs/shared/FILES/E-sysTemp/Cow/river-west/siCherry-297/siCherry-297-s2.mp3?v=1&vvv=10123" 
[2025-01-18T01:24:56+08:00] 206 "/chfs/shared/FILES/E-sysTemp/Cow/river-west/siCherry-297/siCherry-297-s2.mp3?v=1&vvv=10123" 
[2025-01-18T01:24:56+08:00] 206 "/chfs/shared/FILES/E-sysTemp/Cow/river-west/siCherry-297/siCherry-297-s2.mp3?v=1&vvv=10123" 
[2025-01-18T01:24:57+08:00] 206 "/chfs/shared/FILES/E-sysTemp/Cow/river-west/siCherry-297/siCherry-297-s2.mp3?v=1&vvv=10123" 
[2025-01-18T01:24:57+08:00] 206 "/chfs/shared/FILES/E-sysTemp/Cow/river-west/siCherry-297/siCherry-297-s2.mp3?v=1&vvv=10123" 
[2025-01-18T01:25:02+08:00] 206 "/chfs/shared/FILES/E-sysTemp/Cow/river-west/siCherry-297/siCherry-297-s2.mp3?v=1&vvv=10123" 
[2025-01-18T01:25:03+08:00] 206 "/chfs/shared/FILES/E-sysTemp/Cow/river-west/siCherry-297/siCherry-297-s2.mp3?v=1&vvv=10123" 
[2025-01-18T01:25:06+08:00] 206 "/chfs/shared/FILES/E-sysTemp/Cow/river-west/siCherry-297/siCherry-297-s2.mp3?v=1&vvv=10123" 
[2025-01-18T01:25:33+08:00] 206 "/chfs/shared/FILES/E-sysTemp/Cow/river-west/siCherry-297/siCherry-297-s2.mp3?v=1&vvv=10123" 
[2025-01-18T01:25:33+08:00] 206 "/chfs/shared/FILES/E-sysTemp/Cow/river-west/siCherry-297/siCherry-297-s2.mp3?v=1&vvv=10123" 
[2025-01-18T01:25:33+08:00] 206 "/chfs/shared/FILES/E-sysTemp/Cow/river-west/siCherry-297/siCherry-297-s2.mp3?v=1&vvv=10123" 
[2025-01-18T01:25:33+08:00] 206 "/chfs/shared/FILES/E-sysTemp/Cow/river-west/siCherry-297/siCherry-297-s2.mp3?v=1&vvv=10123" 
[2025-01-18T01:25:37+08:00] 206 "/chfs/shared/FILES/E-sysTemp/Cow/river-west/siCherry-297/siCherry-297-s2.mp3?v=1&vvv=10123" 
[2025-01-18T01:25:38+08:00] 206 "/chfs/shared/FILES/E-sysTemp/Cow/river-west/siCherry-297/siCherry-297-s2.mp3?v=1&vvv=10123" 
[2025-01-18T01:25:39+08:00] 206 "/chfs/shared/FILES/E-sysTemp/Cow/river-west/siCherry-297/siCherry-297-s2.mp3?v=1&vvv=10123" 
[2025-01-18T01:25:42+08:00] 206 "/chfs/shared/FILES/E-sysTemp/Cow/river-west/siCherry-297/siCherry-297-s2.mp3?v=1&vvv=10123" 
[2025-01-18T01:26:08+08:00] 206 "/chfs/shared/FILES/E-sysTemp/Cow/river-west/siCherry-297/siCherry-297-s2.mp3?v=1&vvv=10123" 
[2025-01-18T01:26:31+08:00] 206 "/chfs/shared/FILES/F-sysTemp/Virtualv/wf/south/ipCherry-167/ipCherry-167.mp3?v=1&vvv=1" 
[2025-01-18T01:26:31+08:00] 206 "/chfs/shared/FILES/F-sysTemp/Virtualv/wf/south/ipCherry-167/ipCherry-167.mp3?v=1&vvv=1" 
[2025-01-18T01:26:38+08:00] 206 "/chfs/shared/FILES/F-sysTemp/Virtualv/wf/south/ipCherry-167/ipCherry-167.mp3?v=1&vvv=1" 
[2025-01-18T02:10:57+08:00] 206 "/chfs/shared/FILES/E-sysTemp/body/one-heart/mdCherry-282/mdCherry-282-s2.mp3?v=1&vvv=1" 
[2025-01-18T02:10:57+08:00] 206 "/chfs/shared/FILES/E-sysTemp/body/one-heart/mdCherry-282/mdCherry-282-s2.mp3?v=1&vvv=1" 
[2025-01-18T02:11:20+08:00] 206 "/chfs/shared/FILES/E-sysTemp/body/one-heart/mdCherry-282/mdCherry-282-s2.mp3?v=1&vvv=1" 
[2025-01-18T02:11:20+08:00] 206 "/chfs/shared/FILES/E-sysTemp/body/one-heart/mdCherry-282/mdCherry-282-s2.mp3?v=1&vvv=1" 
[2025-01-18T02:11:20+08:00] 206 "/chfs/shared/FILES/E-sysTemp/body/one-heart/mdCherry-282/mdCherry-282-s2.mp3?v=1&vvv=1" 
[2025-01-18T02:11:21+08:00] 206 "/chfs/shared/FILES/E-sysTemp/body/one-heart/mdCherry-282/mdCherry-282-s2.mp3?v=1&vvv=1" 
[2025-01-18T02:11:25+08:00] 206 "/chfs/shared/FILES/E-sysTemp/body/one-heart/mdCherry-282/mdCherry-282-s2.mp3?v=1&vvv=1" 
[2025-01-18T02:12:26+08:00] 206 "/chfs/shared/FILES/E-sysTemp/body/one-heart/mdCherry-282/mdCherry-282-s2.mp3?v=1&vvv=1" 
[2025-01-18T02:12:38+08:00] 206 "/chfs/shared/FILES/E-sysTemp/body/one-heart/mdCherry-282/mdCherry-282-s2.mp3?v=1&vvv=1" 
[2025-01-18T02:12:38+08:00] 206 "/chfs/shared/FILES/E-sysTemp/body/one-heart/mdCherry-282/mdCherry-282-s2.mp3?v=1&vvv=1" 
[2025-01-18T02:12:39+08:00] 206 "/chfs/shared/FILES/E-sysTemp/body/one-heart/mdCherry-282/mdCherry-282-s2.mp3?v=1&vvv=1" 
[2025-01-18T02:12:39+08:00] 206 "/chfs/shared/FILES/E-sysTemp/body/one-heart/mdCherry-282/mdCherry-282-s2.mp3?v=1&vvv=1" 
[2025-01-18T02:13:03+08:00] 206 "/chfs/shared/FILES/E-sysTemp/body/one-heart/mdCherry-282/mdCherry-282-s2.mp3?v=1&vvv=1" 
[2025-01-18T02:13:03+08:00] 206 "/chfs/shared/FILES/E-sysTemp/body/one-heart/mdCherry-282/mdCherry-282-s2.mp3?v=1&vvv=1" 
[2025-01-18T02:13:04+08:00] 206 "/chfs/shared/FILES/E-sysTemp/body/one-heart/mdCherry-282/mdCherry-282-s2.mp3?v=1&vvv=1" 
[2025-01-18T02:13:04+08:00] 206 "/chfs/shared/FILES/E-sysTemp/body/one-heart/mdCherry-282/mdCherry-282-s2.mp3?v=1&vvv=1" 
[2025-01-18T02:13:11+08:00] 206 "/chfs/shared/FILES/E-sysTemp/body/one-heart/mdCherry-282/mdCherry-282-s2.mp3?v=1&vvv=1" 
[2025-01-18T02:13:14+08:00] 206 "/chfs/shared/FILES/E-sysTemp/body/one-heart/mdCherry-282/mdCherry-282-s2.mp3?v=1&vvv=1" 
[2025-01-18T02:13:17+08:00] 206 "/chfs/shared/FILES/E-sysTemp/body/one-heart/mdCherry-282/mdCherry-282-s2.mp3?v=1&vvv=1" 
[2025-01-18T02:35:50+08:00] 206 "/chfs/shared/FILES/E-sysTemp/body/one-heart/mdCherry-282/mdCherry-282-s2.mp3?v=1&vvv=1" 
[2025-01-18T02:36:09+08:00] 206 "/chfs/shared/FILES/E-sysTemp/body/one-heart/mdCherry-282/mdCherry-282-s2.mp3?v=1&vvv=1" 
[2025-01-18T02:36:09+08:00] 206 "/chfs/shared/FILES/E-sysTemp/body/one-heart/mdCherry-282/mdCherry-282-s2.mp3?v=1&vvv=1" 
[2025-01-18T02:36:24+08:00] 206 "/chfs/shared/FILES/E-sysTemp/body/one-heart/mdCherry-282/mdCherry-282-s2.mp3?v=1&vvv=1" 
[2025-01-20T01:29:31+08:00] 206 "/chfs/shared/FILES/E-sysTemp/Cow/pine-pear/prCherry-076/prCherry-076-s2.mp3?v=1&vvv=1" 
[2025-01-20T01:29:33+08:00] 206 "/chfs/shared/FILES/E-sysTemp/Cow/pine-pear/prCherry-076/prCherry-076-s2.mp3?v=1&vvv=1" 
[2025-01-20T01:31:27+08:00] 206 "/chfs/shared/FILES/E-sysTemp/Cow/pine-pear/prCherry-076/prCherry-076-s2.mp3?v=1&vvv=1" 
[2025-01-20T01:32:57+08:00] 206 "/chfs/shared/FILES/E-sysTemp/Cow/pine-pear/prCherry-076/prCherry-076-s2.mp3?v=1&vvv=1" 
[2025-01-20T01:32:58+08:00] 206 "/chfs/shared/FILES/E-sysTemp/Cow/pine-pear/prCherry-076/prCherry-076-s2.mp3?v=1&vvv=1" 
[2025-01-20T01:33:20+08:00] 206 "/chfs/shared/FILES/E-sysTemp/Cow/pine-pear/prCherry-076/prCherry-076-s2.mp3?v=1&vvv=1" 
[2025-01-20T01:33:21+08:00] 206 "/chfs/shared/FILES/E-sysTemp/Cow/pine-pear/prCherry-076/prCherry-076-s2.mp3?v=1&vvv=1" 
[2025-01-20T01:58:27+08:00] 206 "/chfs/shared/FILES/E-sysTemp/Cow/pine-pear/prCherry-076/prCherry-076-s2.mp3?v=1&vvv=1" 
[2025-01-21T05:13:39+08:00] 206 "/chfs/shared/FILES/E-sysTemp/body/cute/morning/netsp-172/netsp-172.mp3?v=1&vvv=1" 
[2025-01-21T05:13:40+08:00] 206 "/chfs/shared/FILES/E-sysTemp/body/cute/morning/netsp-172/netsp-172.mp3?v=1&vvv=1" 
[2025-01-21T05:13:58+08:00] 206 "/chfs/shared/FILES/E-sysTemp/body/cute/morning/netsp-172/netsp-172.mp3?v=1&vvv=1" 
[2025-01-21T05:13:58+08:00] 206 "/chfs/shared/FILES/E-sysTemp/body/cute/morning/netsp-172/netsp-172.mp3?v=1&vvv=1" 
[2025-01-21T05:13:59+08:00] 206 "/chfs/shared/FILES/E-sysTemp/body/cute/morning/netsp-172/netsp-172.mp3?v=1&vvv=1" 
[2025-01-21T05:15:37+08:00] 206 "/chfs/shared/FILES/E-sysTemp/body/cute/morning/netsp-172/netsp-172.mp3?v=1&vvv=1" 
[2025-01-21T05:28:19+08:00] 206 "/chfs/shared/FILES/E-sysTemp/body/cute/morning/netsp-172/netsp-172.mp3?v=1&vvv=1" 
[2025-01-21T05:28:20+08:00] 206 "/chfs/shared/FILES/E-sysTemp/body/cute/morning/netsp-172/netsp-172.mp3?v=1&vvv=1" 
[2025-01-21T05:28:28+08:00] 206 "/chfs/shared/FILES/E-sysTemp/body/cute/morning/netsp-172/netsp-172.mp3?v=1&vvv=1" 
[2025-01-21T05:28:31+08:00] 206 "/chfs/shared/FILES/E-sysTemp/body/cute/morning/netsp-172/netsp-172.mp3?v=1&vvv=1" 
[2025-01-21T05:28:33+08:00] 206 "/chfs/shared/FILES/E-sysTemp/body/cute/morning/netsp-172/netsp-172.mp3?v=1&vvv=1" 
[2025-01-21T05:33:26+08:00] 206 "/chfs/shared/FILES/E-sysTemp/body/cute/morning/netsp-172/netsp-172.mp3?v=1&vvv=1" 
[2025-01-21T05:33:27+08:00] 206 "/chfs/shared/FILES/E-sysTemp/body/cute/morning/netsp-172/netsp-172.mp3?v=1&vvv=1" 
[2025-01-21T05:39:40+08:00] 206 "/chfs/shared/FILES/E-sysTemp/body/cute/morning/netsp-172/netsp-172.mp3?v=1&vvv=1" 
[2025-01-23T01:50:09+08:00] 206 "/chfs/shared/FILES/F-sysTemp/Virtualv/wf/qb/apache-bridge-SICherry-057/SICherry-057-sock.mp3?v=1&vvv=1" 
[2025-01-23T01:50:10+08:00] 206 "/chfs/shared/FILES/F-sysTemp/Virtualv/wf/qb/apache-bridge-SICherry-057/SICherry-057-sock.mp3?v=1&vvv=1" 
[2025-01-23T01:50:16+08:00] 206 "/chfs/shared/FILES/F-sysTemp/Virtualv/wf/qb/apache-bridge-SICherry-057/SICherry-057-sock.mp3?v=1&vvv=1" 
[2025-01-23T01:50:17+08:00] 206 "/chfs/shared/FILES/F-sysTemp/Virtualv/wf/qb/apache-bridge-SICherry-057/SICherry-057-sock.mp3?v=1&vvv=1" 
[2025-01-23T01:50:17+08:00] 206 "/chfs/shared/FILES/F-sysTemp/Virtualv/wf/qb/apache-bridge-SICherry-057/SICherry-057-sock.mp3?v=1&vvv=1" 
[2025-01-23T01:50:17+08:00] 206 "/chfs/shared/FILES/F-sysTemp/Virtualv/wf/qb/apache-bridge-SICherry-057/SICherry-057-sock.mp3?v=1&vvv=1" 
[2025-01-23T01:51:17+08:00] 206 "/chfs/shared/FILES/F-sysTemp/Virtualv/wf/qb/apache-bridge-SICherry-057/SICherry-057-sock.mp3?v=1&vvv=1" 
[2025-01-23T01:51:18+08:00] 206 "/chfs/shared/FILES/F-sysTemp/Virtualv/wf/qb/apache-bridge-SICherry-057/SICherry-057-sock.mp3?v=1&vvv=1" 
[2025-01-23T01:51:34+08:00] 206 "/chfs/shared/FILES/F-sysTemp/Virtualv/wf/qb/apache-bridge-SICherry-057/SICherry-057-sock.mp3?v=1&vvv=1" 
[2025-01-23T02:15:35+08:00] 206 "/chfs/shared/FILES/F-sysTemp/Virtualv/wf/qb/apache-bridge-SICherry-057/SICherry-057-sock.mp3?v=1&vvv=1" 
[2025-01-24T01:47:39+08:00] 206 "/chfs/shared/FILES/E-sysTemp/Cow/qzz/apache-pig-v3-TASK-598/TASK-598-s2.mp3?v=1&vvv=1" 
[2025-01-24T01:47:40+08:00] 206 "/chfs/shared/FILES/E-sysTemp/Cow/qzz/apache-pig-v3-TASK-598/TASK-598-s2.mp3?v=1&vvv=1" 
[2025-01-24T01:48:01+08:00] 206 "/chfs/shared/FILES/E-sysTemp/Cow/qzz/apache-pig-v3-TASK-598/TASK-598-s2.mp3?v=1&vvv=1" 
[2025-01-24T01:48:01+08:00] 206 "/chfs/shared/FILES/E-sysTemp/Cow/qzz/apache-pig-v3-TASK-598/TASK-598-s2.mp3?v=1&vvv=1" 
[2025-01-24T01:48:02+08:00] 206 "/chfs/shared/FILES/E-sysTemp/Cow/qzz/apache-pig-v3-TASK-598/TASK-598-s2.mp3?v=1&vvv=1" 
[2025-01-24T01:48:02+08:00] 206 "/chfs/shared/FILES/E-sysTemp/Cow/qzz/apache-pig-v3-TASK-598/TASK-598-s2.mp3?v=1&vvv=1" 
[2025-01-24T01:49:53+08:00] 206 "/chfs/shared/FILES/E-sysTemp/Cow/qzz/apache-pig-v3-TASK-598/TASK-598-s2.mp3?v=1&vvv=1" 
[2025-01-24T01:49:53+08:00] 206 "/chfs/shared/FILES/E-sysTemp/Cow/qzz/apache-pig-v3-TASK-598/TASK-598-s2.mp3?v=1&vvv=1" 
[2025-01-24T01:49:56+08:00] 206 "/chfs/shared/FILES/E-sysTemp/Cow/qzz/apache-pig-v3-TASK-598/TASK-598-s2.mp3?v=1&vvv=1" 
[2025-01-24T01:49:56+08:00] 206 "/chfs/shared/FILES/E-sysTemp/Cow/qzz/apache-pig-v3-TASK-598/TASK-598-s2.mp3?v=1&vvv=1" 
[2025-01-24T01:49:57+08:00] 206 "/chfs/shared/FILES/E-sysTemp/Cow/qzz/apache-pig-v3-TASK-598/TASK-598-s2.mp3?v=1&vvv=1" 
[2025-01-24T01:51:55+08:00] 206 "/chfs/shared/FILES/E-sysTemp/Cow/qzz/apache-pig-v3-TASK-598/TASK-598-s2.mp3?v=1&vvv=1" 
[2025-01-24T01:53:36+08:00] 206 "/chfs/shared/FILES/E-sysTemp/Cow/qzz/apache-pig-v3-TASK-598/TASK-598-s2.mp3?v=1&vvv=1" 
[2025-01-24T01:53:36+08:00] 206 "/chfs/shared/FILES/E-sysTemp/Cow/qzz/apache-pig-v3-TASK-598/TASK-598-s2.mp3?v=1&vvv=1" 
[2025-01-24T01:55:17+08:00] 206 "/chfs/shared/FILES/E-sysTemp/Cow/qzz/apache-pig-v3-TASK-598/TASK-598-s2.mp3?v=1&vvv=1" 
[2025-01-24T01:55:18+08:00] 206 "/chfs/shared/FILES/E-sysTemp/Cow/qzz/apache-pig-v3-TASK-598/TASK-598-s2.mp3?v=1&vvv=1" 
[2025-01-24T01:55:33+08:00] 206 "/chfs/shared/FILES/E-sysTemp/Cow/qzz/apache-pig-v3-TASK-598/TASK-598-s2.mp3?v=1&vvv=1" 
[2025-01-24T02:04:38+08:00] 206 "/chfs/shared/FILES/E-sysTemp/Cow/qzz/apache-pig-v3-TASK-598/TASK-598-s2.mp3?v=1&vvv=1" 
[2025-01-24T02:04:39+08:00] 206 "/chfs/shared/FILES/E-sysTemp/Cow/qzz/apache-pig-v3-TASK-598/TASK-598-s2.mp3?v=1&vvv=1" 
[2025-01-24T02:04:40+08:00] 206 "/chfs/shared/FILES/E-sysTemp/Cow/qzz/apache-pig-v3-TASK-598/TASK-598-s2.mp3?v=1&vvv=1" 
[2025-01-24T02:11:58+08:00] 206 "/chfs/shared/FILES/E-sysTemp/Cow/qzz/apache-pig-v3-TASK-598/TASK-598-s2.mp3?v=1&vvv=1" 
[2025-01-25T00:44:40+08:00] 206 "/chfs/shared/FILES/E-sysTemp/body/snow/kaCherry-363/KACherry-363-S1.mp3?v=1&vvv=1" 
[2025-01-25T00:44:40+08:00] 206 "/chfs/shared/FILES/E-sysTemp/body/snow/kaCherry-363/KACherry-363-S1.mp3?v=1&vvv=1" 
[2025-01-25T00:47:29+08:00] 206 "/chfs/shared/FILES/E-sysTemp/body/snow/kaCherry-363/KACherry-363-S1.mp3?v=1&vvv=1" 
[2025-01-25T00:47:29+08:00] 206 "/chfs/shared/FILES/E-sysTemp/body/snow/kaCherry-363/KACherry-363-S1.mp3?v=1&vvv=1" 
[2025-01-25T00:47:30+08:00] 206 "/chfs/shared/FILES/E-sysTemp/body/snow/kaCherry-363/KACherry-363-S1.mp3?v=1&vvv=1" 
[2025-01-25T00:49:55+08:00] 206 "/chfs/shared/FILES/E-sysTemp/body/snow/kaCherry-363/KACherry-363-S1.mp3?v=1&vvv=1" 
[2025-01-25T00:49:56+08:00] 206 "/chfs/shared/FILES/E-sysTemp/body/snow/kaCherry-363/KACherry-363-S1.mp3?v=1&vvv=1" 
[2025-01-25T00:54:27+08:00] 206 "/chfs/shared/FILES/E-sysTemp/body/snow/kaCherry-363/KACherry-363-S1.mp3?v=1&vvv=1" 
[2025-01-25T00:54:27+08:00] 206 "/chfs/shared/FILES/E-sysTemp/body/snow/kaCherry-363/KACherry-363-S1.mp3?v=1&vvv=1" 
[2025-01-25T01:12:44+08:00] 206 "/chfs/shared/FILES/E-sysTemp/body/snow/kaCherry-363/KACherry-363-S1.mp3?v=1&vvv=1" 
[2025-01-26T01:51:52+08:00] 200 "/chfs/shared/FILES/F-sysTemp/Virtualv/wf/south/ipCherry-105/IPCherry-105.mp3?v=1&vvv=1" 
[2025-01-26T01:51:52+08:00] 206 "/chfs/shared/FILES/F-sysTemp/Virtualv/wf/south/ipCherry-105/IPCherry-105.mp3?v=1&vvv=1" 
[2025-01-26T01:51:53+08:00] 206 "/chfs/shared/FILES/F-sysTemp/Virtualv/wf/south/ipCherry-105/IPCherry-105.mp3?v=1&vvv=1" 
[2025-01-26T01:51:54+08:00] 206 "/chfs/shared/FILES/F-sysTemp/Virtualv/wf/south/ipCherry-105/IPCherry-105.mp3?v=1&vvv=1" 
[2025-01-26T01:51:56+08:00] 206 "/chfs/shared/FILES/F-sysTemp/Virtualv/wf/south/ipCherry-105/IPCherry-105.mp3?v=1&vvv=1" 
[2025-01-26T01:52:03+08:00] 206 "/chfs/shared/FILES/F-sysTemp/Virtualv/wf/south/ipCherry-105/IPCherry-105.mp3?v=1&vvv=1" 
[2025-01-28T03:09:52+08:00] 200 "/chfs/shared/FILES/E-sysTemp/body/cute/HFL-newWell/apache-spring-v3-rsrCherry-016/rsrCherry-016.mp3?v=1&vvv=1" 
[2025-01-28T03:09:52+08:00] 206 "/chfs/shared/FILES/E-sysTemp/body/cute/HFL-newWell/apache-spring-v3-rsrCherry-016/rsrCherry-016.mp3?v=1&vvv=1" 
[2025-01-28T03:09:52+08:00] 206 "/chfs/shared/FILES/E-sysTemp/body/cute/HFL-newWell/apache-spring-v3-rsrCherry-016/rsrCherry-016.mp3?v=1&vvv=1" 
[2025-01-28T03:09:53+08:00] 206 "/chfs/shared/FILES/E-sysTemp/body/cute/HFL-newWell/apache-spring-v3-rsrCherry-016/rsrCherry-016.mp3?v=1&vvv=1" 
[2025-01-28T03:09:55+08:00] 206 "/chfs/shared/FILES/E-sysTemp/body/cute/HFL-newWell/apache-spring-v3-rsrCherry-016/rsrCherry-016.mp3?v=1&vvv=1" 
[2025-01-28T03:09:57+08:00] 206 "/chfs/shared/FILES/E-sysTemp/body/cute/HFL-newWell/apache-spring-v3-rsrCherry-016/rsrCherry-016.mp3?v=1&vvv=1" 
[2025-01-28T03:10:00+08:00] 206 "/chfs/shared/FILES/E-sysTemp/body/cute/HFL-newWell/apache-spring-v3-rsrCherry-016/rsrCherry-016.mp3?v=1&vvv=1" 
[2025-01-29T03:49:46+08:00] 200 "/chfs/shared/FILES/E-sysTemp/body/wood-love/TASK-1191/TASK-1191.mp3?v=1&vvv=1" 
[2025-01-29T03:49:46+08:00] 206 "/chfs/shared/FILES/E-sysTemp/body/wood-love/TASK-1191/TASK-1191.mp3?v=1&vvv=1" 
[2025-01-29T03:49:47+08:00] 206 "/chfs/shared/FILES/E-sysTemp/body/wood-love/TASK-1191/TASK-1191.mp3?v=1&vvv=1" 
[2025-01-29T03:49:48+08:00] 206 "/chfs/shared/FILES/E-sysTemp/body/wood-love/TASK-1191/TASK-1191.mp3?v=1&vvv=1" 
[2025-01-29T03:49:53+08:00] 206 "/chfs/shared/FILES/E-sysTemp/body/wood-love/TASK-1191/TASK-1191.mp3?v=1&vvv=1" 
[2025-01-29T03:49:59+08:00] 206 "/chfs/shared/FILES/E-sysTemp/body/wood-love/TASK-1191/TASK-1191.mp3?v=1&vvv=1" 
[2025-01-30T03:42:30+08:00] 200 "/chfs/shared/FILES/E-sysTemp/Cow/dreamMilk/siCherry-124/siCherry-124-s2.mp3?v=1&vvv=1" 
[2025-01-30T03:42:30+08:00] 206 "/chfs/shared/FILES/E-sysTemp/Cow/dreamMilk/siCherry-124/siCherry-124-s2.mp3?v=1&vvv=1" 
[2025-01-30T03:42:30+08:00] 206 "/chfs/shared/FILES/E-sysTemp/Cow/dreamMilk/siCherry-124/siCherry-124-s2.mp3?v=1&vvv=1" 
[2025-01-30T03:42:31+08:00] 206 "/chfs/shared/FILES/E-sysTemp/Cow/dreamMilk/siCherry-124/siCherry-124-s2.mp3?v=1&vvv=1" 
[2025-01-30T03:42:32+08:00] 206 "/chfs/shared/FILES/E-sysTemp/Cow/dreamMilk/siCherry-124/siCherry-124-s2.mp3?v=1&vvv=1" 
[2025-01-30T03:42:33+08:00] 206 "/chfs/shared/FILES/E-sysTemp/Cow/dreamMilk/siCherry-124/siCherry-124-s2.mp3?v=1&vvv=1" 
[2025-01-30T03:42:33+08:00] 206 "/chfs/shared/FILES/E-sysTemp/Cow/dreamMilk/siCherry-124/siCherry-124-s2.mp3?v=1&vvv=1" 
[2025-01-30T03:42:36+08:00] 206 "/chfs/shared/FILES/E-sysTemp/Cow/dreamMilk/siCherry-124/siCherry-124-s2.mp3?v=1&vvv=1" 
[2025-02-01T01:48:55+08:00] 200 "/chfs/shared/FILES/E-sysTemp/body/fen/IPCherry-075/IPCherry-075-hr.mp3?v=1&vvv=1" 
[2025-02-01T01:48:55+08:00] 206 "/chfs/shared/FILES/E-sysTemp/body/fen/IPCherry-075/IPCherry-075-hr.mp3?v=1&vvv=1" 
[2025-02-01T01:48:55+08:00] 206 "/chfs/shared/FILES/E-sysTemp/body/fen/IPCherry-075/IPCherry-075-hr.mp3?v=1&vvv=1" 
[2025-02-01T01:48:56+08:00] 206 "/chfs/shared/FILES/E-sysTemp/body/fen/IPCherry-075/IPCherry-075-hr.mp3?v=1&vvv=1" 
[2025-02-01T01:49:00+08:00] 206 "/chfs/shared/FILES/E-sysTemp/body/fen/IPCherry-075/IPCherry-075-hr.mp3?v=1&vvv=1" 
[2025-02-01T01:49:01+08:00] 206 "/chfs/shared/FILES/E-sysTemp/body/fen/IPCherry-075/IPCherry-075-hr.mp3?v=1&vvv=1" 
[2025-02-01T01:49:05+08:00] 206 "/chfs/shared/FILES/E-sysTemp/body/fen/IPCherry-075/IPCherry-075-hr.mp3?v=1&vvv=1" 
[2025-02-01T01:49:08+08:00] 206 "/chfs/shared/FILES/E-sysTemp/body/fen/IPCherry-075/IPCherry-075-hr.mp3?v=1&vvv=1" 
[2025-02-02T04:55:40+08:00] 200 "/chfs/shared/FILES/E-sysTemp/body/cute/yi-white/v3-SICherry-132/SICherry-132-s1.mp3?v=1&vvv=1" 
[2025-02-02T04:55:40+08:00] 206 "/chfs/shared/FILES/E-sysTemp/body/cute/yi-white/v3-SICherry-132/SICherry-132-s1.mp3?v=1&vvv=1" 
[2025-02-02T04:55:41+08:00] 206 "/chfs/shared/FILES/E-sysTemp/body/cute/yi-white/v3-SICherry-132/SICherry-132-s1.mp3?v=1&vvv=1" 
[2025-02-02T04:55:42+08:00] 206 "/chfs/shared/FILES/E-sysTemp/body/cute/yi-white/v3-SICherry-132/SICherry-132-s1.mp3?v=1&vvv=1" 
[2025-02-02T04:55:42+08:00] 206 "/chfs/shared/FILES/E-sysTemp/body/cute/yi-white/v3-SICherry-132/SICherry-132-s1.mp3?v=1&vvv=1" 
[2025-02-02T04:55:43+08:00] 206 "/chfs/shared/FILES/E-sysTemp/body/cute/yi-white/v3-SICherry-132/SICherry-132-s1.mp3?v=1&vvv=1" 
[2025-02-02T04:55:43+08:00] 206 "/chfs/shared/FILES/E-sysTemp/body/cute/yi-white/v3-SICherry-132/SICherry-132-s1.mp3?v=1&vvv=1" 
[2025-02-02T04:55:46+08:00] 206 "/chfs/shared/FILES/E-sysTemp/body/cute/yi-white/v3-SICherry-132/SICherry-132-s1.mp3?v=1&vvv=1" 
[2025-02-04T01:49:41+08:00] 200 "/chfs/shared/FILES/E-sysTemp/Cow/dreamMilk/SICherry-100/siCherry-100-s2.mp3?v=1&vvv=1" 
[2025-02-04T01:49:41+08:00] 206 "/chfs/shared/FILES/E-sysTemp/Cow/dreamMilk/SICherry-100/siCherry-100-s2.mp3?v=1&vvv=1" 
[2025-02-04T01:49:41+08:00] 206 "/chfs/shared/FILES/E-sysTemp/Cow/dreamMilk/SICherry-100/siCherry-100-s2.mp3?v=1&vvv=1" 
[2025-02-04T01:49:43+08:00] 206 "/chfs/shared/FILES/E-sysTemp/Cow/dreamMilk/SICherry-100/siCherry-100-s2.mp3?v=1&vvv=1" 
[2025-02-04T01:49:46+08:00] 206 "/chfs/shared/FILES/E-sysTemp/Cow/dreamMilk/SICherry-100/siCherry-100-s2.mp3?v=1&vvv=1" 
[2025-02-04T01:49:51+08:00] 206 "/chfs/shared/FILES/E-sysTemp/Cow/dreamMilk/SICherry-100/siCherry-100-s2.mp3?v=1&vvv=1" 
[2025-02-04T14:08:13+08:00] 200 "/chfs/shared/FILES/E-sysTemp/Cow/dreamMilk/SICherry-093/SICherry-093-S1.mp3?v=1&vvv=1" 
[2025-02-04T14:08:13+08:00] 206 "/chfs/shared/FILES/E-sysTemp/Cow/dreamMilk/SICherry-093/SICherry-093-S1.mp3?v=1&vvv=1" 
[2025-02-04T14:08:13+08:00] 206 "/chfs/shared/FILES/E-sysTemp/Cow/dreamMilk/SICherry-093/SICherry-093-S1.mp3?v=1&vvv=1" 
[2025-02-04T14:08:14+08:00] 206 "/chfs/shared/FILES/E-sysTemp/Cow/dreamMilk/SICherry-093/SICherry-093-S1.mp3?v=1&vvv=1" 
[2025-02-04T14:08:15+08:00] 206 "/chfs/shared/FILES/E-sysTemp/Cow/dreamMilk/SICherry-093/SICherry-093-S1.mp3?v=1&vvv=1" 
[2025-02-04T14:08:16+08:00] 206 "/chfs/shared/FILES/E-sysTemp/Cow/dreamMilk/SICherry-093/SICherry-093-S1.mp3?v=1&vvv=1" 
[2025-02-04T14:08:17+08:00] 206 "/chfs/shared/FILES/E-sysTemp/Cow/dreamMilk/SICherry-093/SICherry-093-S1.mp3?v=1&vvv=1" 
[2025-02-04T14:08:26+08:00] 206 "/chfs/shared/FILES/E-sysTemp/Cow/dreamMilk/SICherry-093/SICherry-093-S1.mp3?v=1&vvv=1" 
[2025-02-08T01:16:47+08:00] 200 "/chfs/shared/FILES/E-sysTemp/body/black-island/siCherry-371/siCherry-371-s2.mp3?v=1&vvv=1" 
[2025-02-08T01:16:47+08:00] 206 "/chfs/shared/FILES/E-sysTemp/body/black-island/siCherry-371/siCherry-371-s2.mp3?v=1&vvv=1" 
[2025-02-08T01:16:48+08:00] 206 "/chfs/shared/FILES/E-sysTemp/body/black-island/siCherry-371/siCherry-371-s2.mp3?v=1&vvv=1" 
[2025-02-08T01:16:49+08:00] 206 "/chfs/shared/FILES/E-sysTemp/body/black-island/siCherry-371/siCherry-371-s2.mp3?v=1&vvv=1" 
[2025-02-08T01:16:52+08:00] 206 "/chfs/shared/FILES/E-sysTemp/body/black-island/siCherry-371/siCherry-371-s2.mp3?v=1&vvv=1" 
[2025-02-08T01:16:57+08:00] 206 "/chfs/shared/FILES/E-sysTemp/body/black-island/siCherry-371/siCherry-371-s2.mp3?v=1&vvv=1" 
[2025-02-09T02:14:50+08:00] 200 "/chfs/shared/FILES/E-sysTemp/body/northFlower/apache-flower-v3-siCherry-293/siCherry-293-s1.mp3?v=1&vvv=1" 
[2025-02-09T02:14:50+08:00] 206 "/chfs/shared/FILES/E-sysTemp/body/northFlower/apache-flower-v3-siCherry-293/siCherry-293-s1.mp3?v=1&vvv=1" 
[2025-02-09T02:14:50+08:00] 206 "/chfs/shared/FILES/E-sysTemp/body/northFlower/apache-flower-v3-siCherry-293/siCherry-293-s1.mp3?v=1&vvv=1" 
[2025-02-09T02:14:52+08:00] 206 "/chfs/shared/FILES/E-sysTemp/body/northFlower/apache-flower-v3-siCherry-293/siCherry-293-s1.mp3?v=1&vvv=1" 
[2025-02-09T02:14:54+08:00] 206 "/chfs/shared/FILES/E-sysTemp/body/northFlower/apache-flower-v3-siCherry-293/siCherry-293-s1.mp3?v=1&vvv=1" 
[2025-02-09T02:14:54+08:00] 206 "/chfs/shared/FILES/E-sysTemp/body/northFlower/apache-flower-v3-siCherry-293/siCherry-293-s1.mp3?v=1&vvv=1" 
[2025-02-09T02:15:00+08:00] 206 "/chfs/shared/FILES/E-sysTemp/body/northFlower/apache-flower-v3-siCherry-293/siCherry-293-s1.mp3?v=1&vvv=1" 
[2025-02-10T01:12:11+08:00] 200 "/chfs/shared/FILES/E-sysTemp/body/spring-sun/netsp-392/netsp-392.mp3?v=1&vvv=1" 
[2025-02-10T01:12:11+08:00] 206 "/chfs/shared/FILES/E-sysTemp/body/spring-sun/netsp-392/netsp-392.mp3?v=1&vvv=1" 
[2025-02-10T01:12:12+08:00] 206 "/chfs/shared/FILES/E-sysTemp/body/spring-sun/netsp-392/netsp-392.mp3?v=1&vvv=1" 
[2025-02-10T01:12:16+08:00] 206 "/chfs/shared/FILES/E-sysTemp/body/spring-sun/netsp-392/netsp-392.mp3?v=1&vvv=1" 
[2025-02-11T01:48:15+08:00] 200 "/chfs/shared/FILES/E-sysTemp/Cow/water/mdCherry-319/mdCherry-319.mp3?v=1&vvv=1" 
[2025-02-11T01:48:16+08:00] 206 "/chfs/shared/FILES/E-sysTemp/Cow/water/mdCherry-319/mdCherry-319.mp3?v=1&vvv=1" 
[2025-02-11T01:48:16+08:00] 206 "/chfs/shared/FILES/E-sysTemp/Cow/water/mdCherry-319/mdCherry-319.mp3?v=1&vvv=1" 
[2025-02-11T01:48:18+08:00] 206 "/chfs/shared/FILES/E-sysTemp/Cow/water/mdCherry-319/mdCherry-319.mp3?v=1&vvv=1" 
[2025-02-11T01:48:20+08:00] 206 "/chfs/shared/FILES/E-sysTemp/Cow/water/mdCherry-319/mdCherry-319.mp3?v=1&vvv=1" 
[2025-02-11T01:48:24+08:00] 206 "/chfs/shared/FILES/E-sysTemp/Cow/water/mdCherry-319/mdCherry-319.mp3?v=1&vvv=1" 
[2025-02-14T00:52:56+08:00] 200 "/chfs/shared/FILES/E-sysTemp/Cow/dreamMilk/siCherry-180/SICherry-180-S2.mp3?v=1&vvv=1" 
[2025-02-14T00:52:56+08:00] 206 "/chfs/shared/FILES/E-sysTemp/Cow/dreamMilk/siCherry-180/SICherry-180-S2.mp3?v=1&vvv=1" 
[2025-02-14T00:52:56+08:00] 206 "/chfs/shared/FILES/E-sysTemp/Cow/dreamMilk/siCherry-180/SICherry-180-S2.mp3?v=1&vvv=1" 
[2025-02-14T00:52:57+08:00] 206 "/chfs/shared/FILES/E-sysTemp/Cow/dreamMilk/siCherry-180/SICherry-180-S2.mp3?v=1&vvv=1" 
[2025-02-14T00:52:57+08:00] 206 "/chfs/shared/FILES/E-sysTemp/Cow/dreamMilk/siCherry-180/SICherry-180-S2.mp3?v=1&vvv=1" 
[2025-02-14T00:52:59+08:00] 206 "/chfs/shared/FILES/E-sysTemp/Cow/dreamMilk/siCherry-180/SICherry-180-S2.mp3?v=1&vvv=1" 
[2025-02-15T00:08:03+08:00] 200 "/chfs/shared/FILES/E-sysTemp/body/cute/love-flower/apache-v3-kaCherry-305/kaCherry-305.mp3?v=1&vvv=1" 
[2025-02-15T00:08:03+08:00] 206 "/chfs/shared/FILES/E-sysTemp/body/cute/love-flower/apache-v3-kaCherry-305/kaCherry-305.mp3?v=1&vvv=1" 
[2025-02-15T00:08:04+08:00] 206 "/chfs/shared/FILES/E-sysTemp/body/cute/love-flower/apache-v3-kaCherry-305/kaCherry-305.mp3?v=1&vvv=1" 
[2025-02-15T00:08:06+08:00] 206 "/chfs/shared/FILES/E-sysTemp/body/cute/love-flower/apache-v3-kaCherry-305/kaCherry-305.mp3?v=1&vvv=1" 
[2025-02-16T02:29:59+08:00] 200 "/chfs/shared/FILES/F-sysTemp/Virtualv/wf/qb/apache-bridge-mdCherry-312/mdCherry-312-s2.mp3?v=1&vvv=1" 
[2025-02-16T02:30:01+08:00] 206 "/chfs/shared/FILES/F-sysTemp/Virtualv/wf/qb/apache-bridge-mdCherry-312/mdCherry-312-s2.mp3?v=1&vvv=1" 
[2025-02-16T02:30:04+08:00] 206 "/chfs/shared/FILES/F-sysTemp/Virtualv/wf/qb/apache-bridge-mdCherry-312/mdCherry-312-s2.mp3?v=1&vvv=1" 
[2025-02-16T02:30:07+08:00] 206 "/chfs/shared/FILES/F-sysTemp/Virtualv/wf/qb/apache-bridge-mdCherry-312/mdCherry-312-s2.mp3?v=1&vvv=1" 
[2025-02-20T00:57:29+08:00] 200 "/chfs/shared/FILES/E-sysTemp/body/three-step/juCherry-182/juCherry-182-s1.mp3?v=1&vvv=1" 
[2025-02-20T00:57:29+08:00] 206 "/chfs/shared/FILES/E-sysTemp/body/three-step/juCherry-182/juCherry-182-s1.mp3?v=1&vvv=1" 
[2025-02-20T00:57:30+08:00] 206 "/chfs/shared/FILES/E-sysTemp/body/three-step/juCherry-182/juCherry-182-s1.mp3?v=1&vvv=1" 
[2025-02-20T00:57:31+08:00] 206 "/chfs/shared/FILES/E-sysTemp/body/three-step/juCherry-182/juCherry-182-s1.mp3?v=1&vvv=1" 
[2025-02-20T00:57:32+08:00] 206 "/chfs/shared/FILES/E-sysTemp/body/three-step/juCherry-182/juCherry-182-s1.mp3?v=1&vvv=1" 
[2025-02-20T00:57:34+08:00] 206 "/chfs/shared/FILES/E-sysTemp/body/three-step/juCherry-182/juCherry-182-s1.mp3?v=1&vvv=1" 
[2025-02-22T01:57:57+08:00] 200 "/chfs/shared/FILES/E-sysTemp/body/northFlower/apache-flower-v3-siCherry-394/siCherry-394-s1.mp3?v=1&vvv=1" 
[2025-02-22T01:57:57+08:00] 206 "/chfs/shared/FILES/E-sysTemp/body/northFlower/apache-flower-v3-siCherry-394/siCherry-394-s1.mp3?v=1&vvv=1" 
[2025-02-22T01:57:58+08:00] 206 "/chfs/shared/FILES/E-sysTemp/body/northFlower/apache-flower-v3-siCherry-394/siCherry-394-s1.mp3?v=1&vvv=1" 
[2025-02-22T01:57:59+08:00] 206 "/chfs/shared/FILES/E-sysTemp/body/northFlower/apache-flower-v3-siCherry-394/siCherry-394-s1.mp3?v=1&vvv=1" 
[2025-02-22T01:58:01+08:00] 206 "/chfs/shared/FILES/E-sysTemp/body/northFlower/apache-flower-v3-siCherry-394/siCherry-394-s1.mp3?v=1&vvv=1" 
[2025-02-22T01:58:02+08:00] 206 "/chfs/shared/FILES/E-sysTemp/body/northFlower/apache-flower-v3-siCherry-394/siCherry-394-s1.mp3?v=1&vvv=1" 
[2025-02-22T01:58:05+08:00] 206 "/chfs/shared/FILES/E-sysTemp/body/northFlower/apache-flower-v3-siCherry-394/siCherry-394-s1.mp3?v=1&vvv=1" 
[2025-02-25T01:34:05+08:00] 200 "/chfs/shared/FILES/E-sysTemp/body/cute/HFL-newWell/apache-spring-v3-saCherry-547/saCherry-547.mp3?v=1&vvv=1" 
[2025-02-25T01:34:05+08:00] 206 "/chfs/shared/FILES/E-sysTemp/body/cute/HFL-newWell/apache-spring-v3-saCherry-547/saCherry-547.mp3?v=1&vvv=1" 
[2025-02-25T01:34:06+08:00] 206 "/chfs/shared/FILES/E-sysTemp/body/cute/HFL-newWell/apache-spring-v3-saCherry-547/saCherry-547.mp3?v=1&vvv=1" 
[2025-02-25T01:34:07+08:00] 206 "/chfs/shared/FILES/E-sysTemp/body/cute/HFL-newWell/apache-spring-v3-saCherry-547/saCherry-547.mp3?v=1&vvv=1" 
[2025-02-25T01:34:10+08:00] 206 "/chfs/shared/FILES/E-sysTemp/body/cute/HFL-newWell/apache-spring-v3-saCherry-547/saCherry-547.mp3?v=1&vvv=1" 
[2025-02-25T01:34:11+08:00] 206 "/chfs/shared/FILES/E-sysTemp/body/cute/HFL-newWell/apache-spring-v3-saCherry-547/saCherry-547.mp3?v=1&vvv=1" 
[2025-02-25T01:34:14+08:00] 206 "/chfs/shared/FILES/E-sysTemp/body/cute/HFL-newWell/apache-spring-v3-saCherry-547/saCherry-547.mp3?v=1&vvv=1" 
[2025-02-25T01:34:17+08:00] 206 "/chfs/shared/FILES/E-sysTemp/body/cute/HFL-newWell/apache-spring-v3-saCherry-547/saCherry-547.mp3?v=1&vvv=1" 
[2025-02-26T01:13:18+08:00] 200 "/chfs/shared/FILES/E-sysTemp/Cow/pine-pear/saCherry-352/saCherry-352.mp3?v=1&vvv=1" 
[2025-02-26T01:13:18+08:00] 206 "/chfs/shared/FILES/E-sysTemp/Cow/pine-pear/saCherry-352/saCherry-352.mp3?v=1&vvv=1" 
[2025-02-26T01:13:18+08:00] 206 "/chfs/shared/FILES/E-sysTemp/Cow/pine-pear/saCherry-352/saCherry-352.mp3?v=1&vvv=1" 
[2025-02-26T01:13:18+08:00] 206 "/chfs/shared/FILES/E-sysTemp/Cow/pine-pear/saCherry-352/saCherry-352.mp3?v=1&vvv=1" 
[2025-02-26T01:13:19+08:00] 206 "/chfs/shared/FILES/E-sysTemp/Cow/pine-pear/saCherry-352/saCherry-352.mp3?v=1&vvv=1" 
[2025-02-26T01:13:20+08:00] 206 "/chfs/shared/FILES/E-sysTemp/Cow/pine-pear/saCherry-352/saCherry-352.mp3?v=1&vvv=1" 
[2025-02-26T01:13:23+08:00] 206 "/chfs/shared/FILES/E-sysTemp/Cow/pine-pear/saCherry-352/saCherry-352.mp3?v=1&vvv=1" 
[2025-02-26T01:13:27+08:00] 206 "/chfs/shared/FILES/E-sysTemp/Cow/pine-pear/saCherry-352/saCherry-352.mp3?v=1&vvv=1" 
[2025-02-27T01:19:47+08:00] 200 "/chfs/shared/FILES/E-sysTemp/body/teach/apache-v3-netsp-351/netsp-351.mp3?v=1&vvv=1" 
[2025-02-27T01:19:48+08:00] 206 "/chfs/shared/FILES/E-sysTemp/body/teach/apache-v3-netsp-351/netsp-351.mp3?v=1&vvv=1" 
[2025-02-27T01:19:48+08:00] 206 "/chfs/shared/FILES/E-sysTemp/body/teach/apache-v3-netsp-351/netsp-351.mp3?v=1&vvv=1" 
[2025-02-27T01:19:49+08:00] 206 "/chfs/shared/FILES/E-sysTemp/body/teach/apache-v3-netsp-351/netsp-351.mp3?v=1&vvv=1" 
[2025-02-27T01:19:51+08:00] 206 "/chfs/shared/FILES/E-sysTemp/body/teach/apache-v3-netsp-351/netsp-351.mp3?v=1&vvv=1" 
[2025-02-27T01:19:55+08:00] 206 "/chfs/shared/FILES/E-sysTemp/body/teach/apache-v3-netsp-351/netsp-351.mp3?v=1&vvv=1" 
[2025-02-28T01:31:36+08:00] 200 "/chfs/shared/FILES/E-sysTemp/Cow/god-wood/dsCherry-1321/dsCherry-1321.mp3?v=1&vvv=1" 
[2025-02-28T01:31:36+08:00] 206 "/chfs/shared/FILES/E-sysTemp/Cow/god-wood/dsCherry-1321/dsCherry-1321.mp3?v=1&vvv=1" 
[2025-02-28T01:31:36+08:00] 206 "/chfs/shared/FILES/E-sysTemp/Cow/god-wood/dsCherry-1321/dsCherry-1321.mp3?v=1&vvv=1" 
[2025-02-28T01:31:38+08:00] 206 "/chfs/shared/FILES/E-sysTemp/Cow/god-wood/dsCherry-1321/dsCherry-1321.mp3?v=1&vvv=1" 
[2025-02-28T01:31:43+08:00] 206 "/chfs/shared/FILES/E-sysTemp/Cow/god-wood/dsCherry-1321/dsCherry-1321.mp3?v=1&vvv=1" 
[2025-02-28T01:31:49+08:00] 206 "/chfs/shared/FILES/E-sysTemp/Cow/god-wood/dsCherry-1321/dsCherry-1321.mp3?v=1&vvv=1" 
[2025-03-02T03:04:20+08:00] 200 "/chfs/shared/FILES/F-sysTemp/Virtualv/wf/south/ipCherry-201/ipCherry-201.mp3?v=1&vvv=1" 
[2025-03-02T03:04:20+08:00] 206 "/chfs/shared/FILES/F-sysTemp/Virtualv/wf/south/ipCherry-201/ipCherry-201.mp3?v=1&vvv=1" 
[2025-03-02T03:04:21+08:00] 206 "/chfs/shared/FILES/F-sysTemp/Virtualv/wf/south/ipCherry-201/ipCherry-201.mp3?v=1&vvv=1" 
[2025-03-02T03:04:22+08:00] 206 "/chfs/shared/FILES/F-sysTemp/Virtualv/wf/south/ipCherry-201/ipCherry-201.mp3?v=1&vvv=1" 
[2025-03-02T03:04:26+08:00] 206 "/chfs/shared/FILES/F-sysTemp/Virtualv/wf/south/ipCherry-201/ipCherry-201.mp3?v=1&vvv=1" 
[2025-03-02T03:04:28+08:00] 206 "/chfs/shared/FILES/F-sysTemp/Virtualv/wf/south/ipCherry-201/ipCherry-201.mp3?v=1&vvv=1" 
[2025-03-04T02:57:31+08:00] 200 "/chfs/shared/FILES/E-sysTemp/body/cute/love-flower/apache-v3-hnCherry-148/hnCherry-148.mp3?v=1&vvv=1" 
[2025-03-04T02:57:31+08:00] 206 "/chfs/shared/FILES/E-sysTemp/body/cute/love-flower/apache-v3-hnCherry-148/hnCherry-148.mp3?v=1&vvv=1" 
[2025-03-04T02:57:32+08:00] 206 "/chfs/shared/FILES/E-sysTemp/body/cute/love-flower/apache-v3-hnCherry-148/hnCherry-148.mp3?v=1&vvv=1" 
[2025-03-04T02:57:33+08:00] 206 "/chfs/shared/FILES/E-sysTemp/body/cute/love-flower/apache-v3-hnCherry-148/hnCherry-148.mp3?v=1&vvv=1" 
[2025-03-04T02:57:38+08:00] 206 "/chfs/shared/FILES/E-sysTemp/body/cute/love-flower/apache-v3-hnCherry-148/hnCherry-148.mp3?v=1&vvv=1" 
[2025-03-04T02:57:44+08:00] 206 "/chfs/shared/FILES/E-sysTemp/body/cute/love-flower/apache-v3-hnCherry-148/hnCherry-148.mp3?v=1&vvv=1" 
[2025-03-04T05:04:07+08:00] 200 "/chfs/shared/FILES/E-sysTemp/Cow/dreamMilk/siCherry-268/siCherry-268-s1.mp3?v=1&vvv=1" 
[2025-03-04T05:04:07+08:00] 206 "/chfs/shared/FILES/E-sysTemp/Cow/dreamMilk/siCherry-268/siCherry-268-s1.mp3?v=1&vvv=1" 
[2025-03-04T05:04:08+08:00] 206 "/chfs/shared/FILES/E-sysTemp/Cow/dreamMilk/siCherry-268/siCherry-268-s1.mp3?v=1&vvv=1" 
[2025-03-04T05:04:09+08:00] 206 "/chfs/shared/FILES/E-sysTemp/Cow/dreamMilk/siCherry-268/siCherry-268-s1.mp3?v=1&vvv=1" 
[2025-03-04T05:04:09+08:00] 206 "/chfs/shared/FILES/E-sysTemp/Cow/dreamMilk/siCherry-268/siCherry-268-s1.mp3?v=1&vvv=1" 
[2025-03-04T05:04:10+08:00] 206 "/chfs/shared/FILES/E-sysTemp/Cow/dreamMilk/siCherry-268/siCherry-268-s1.mp3?v=1&vvv=1" 
[2025-03-04T05:04:16+08:00] 206 "/chfs/shared/FILES/E-sysTemp/Cow/dreamMilk/siCherry-268/siCherry-268-s1.mp3?v=1&vvv=1" 
[2025-03-06T02:13:53+08:00] 200 "/chfs/shared/FILES/E-sysTemp/Cow/AI/dsCherry-1650/dsCherry-1650.mp3?v=1&vvv=1" 
[2025-03-06T02:13:53+08:00] 206 "/chfs/shared/FILES/E-sysTemp/Cow/AI/dsCherry-1650/dsCherry-1650.mp3?v=1&vvv=1" 
[2025-03-06T02:13:54+08:00] 206 "/chfs/shared/FILES/E-sysTemp/Cow/AI/dsCherry-1650/dsCherry-1650.mp3?v=1&vvv=1" 
[2025-03-06T02:13:56+08:00] 206 "/chfs/shared/FILES/E-sysTemp/Cow/AI/dsCherry-1650/dsCherry-1650.mp3?v=1&vvv=1" 
[2025-03-06T02:13:57+08:00] 206 "/chfs/shared/FILES/E-sysTemp/Cow/AI/dsCherry-1650/dsCherry-1650.mp3?v=1&vvv=1" 
[2025-03-06T02:14:01+08:00] 206 "/chfs/shared/FILES/E-sysTemp/Cow/AI/dsCherry-1650/dsCherry-1650.mp3?v=1&vvv=1" 
[2025-03-06T02:14:05+08:00] 206 "/chfs/shared/FILES/E-sysTemp/Cow/AI/dsCherry-1650/dsCherry-1650.mp3?v=1&vvv=1" 
[2025-03-09T02:26:31+08:00] 200 "/chfs/shared/FILES/E-sysTemp/body/northFlower/apache-flower-v3-siCherry-394/siCherry-394-s2.mp3?v=1&vvv=1" 
[2025-03-09T02:26:31+08:00] 206 "/chfs/shared/FILES/E-sysTemp/body/northFlower/apache-flower-v3-siCherry-394/siCherry-394-s2.mp3?v=1&vvv=1" 
[2025-03-09T02:26:32+08:00] 206 "/chfs/shared/FILES/E-sysTemp/body/northFlower/apache-flower-v3-siCherry-394/siCherry-394-s2.mp3?v=1&vvv=1" 
[2025-03-09T02:26:34+08:00] 206 "/chfs/shared/FILES/E-sysTemp/body/northFlower/apache-flower-v3-siCherry-394/siCherry-394-s2.mp3?v=1&vvv=1" 
[2025-03-11T02:23:01+08:00] 200 "/chfs/shared/FILES/E-sysTemp/body/HD/TASK-1435/TASK-1435-s1.mp3?v=1&vvv=1" 
[2025-03-11T02:23:01+08:00] 206 "/chfs/shared/FILES/E-sysTemp/body/HD/TASK-1435/TASK-1435-s1.mp3?v=1&vvv=1" 
[2025-03-11T02:23:01+08:00] 206 "/chfs/shared/FILES/E-sysTemp/body/HD/TASK-1435/TASK-1435-s1.mp3?v=1&vvv=1" 
[2025-03-11T02:23:01+08:00] 206 "/chfs/shared/FILES/E-sysTemp/body/HD/TASK-1435/TASK-1435-s1.mp3?v=1&vvv=1" 
[2025-03-11T02:23:02+08:00] 206 "/chfs/shared/FILES/E-sysTemp/body/HD/TASK-1435/TASK-1435-s1.mp3?v=1&vvv=1" 
[2025-03-11T02:23:07+08:00] 206 "/chfs/shared/FILES/E-sysTemp/body/HD/TASK-1435/TASK-1435-s1.mp3?v=1&vvv=1" 
[2025-03-11T02:23:07+08:00] 206 "/chfs/shared/FILES/E-sysTemp/body/HD/TASK-1435/TASK-1435-s1.mp3?v=1&vvv=1" 
[2025-03-11T02:23:08+08:00] 206 "/chfs/shared/FILES/E-sysTemp/body/HD/TASK-1435/TASK-1435-s1.mp3?v=1&vvv=1" 
[2025-03-11T23:52:41+08:00] 200 "/chfs/shared/FILES/E-sysTemp/Cow/townup/siCherry-323/siCherry-323.mp3?v=1&vvv=1" 
[2025-03-11T23:52:41+08:00] 206 "/chfs/shared/FILES/E-sysTemp/Cow/townup/siCherry-323/siCherry-323.mp3?v=1&vvv=1" 
[2025-03-11T23:52:41+08:00] 206 "/chfs/shared/FILES/E-sysTemp/Cow/townup/siCherry-323/siCherry-323.mp3?v=1&vvv=1" 
[2025-03-11T23:52:44+08:00] 206 "/chfs/shared/FILES/E-sysTemp/Cow/townup/siCherry-323/siCherry-323.mp3?v=1&vvv=1" 
[2025-03-11T23:52:45+08:00] 206 "/chfs/shared/FILES/E-sysTemp/Cow/townup/siCherry-323/siCherry-323.mp3?v=1&vvv=1" 
[2025-03-11T23:52:45+08:00] 206 "/chfs/shared/FILES/E-sysTemp/Cow/townup/siCherry-323/siCherry-323.mp3?v=1&vvv=1" 
[2025-03-11T23:52:48+08:00] 206 "/chfs/shared/FILES/E-sysTemp/Cow/townup/siCherry-323/siCherry-323.mp3?v=1&vvv=1" 
[2025-03-14T01:51:37+08:00] 200 "/chfs/shared/FILES/E-sysTemp/Cow/tissue/apache-tissue-v3-dsCherry-1371/dsCherry-1371.mp3?v=1&vvv=1" 
[2025-03-14T01:51:37+08:00] 206 "/chfs/shared/FILES/E-sysTemp/Cow/tissue/apache-tissue-v3-dsCherry-1371/dsCherry-1371.mp3?v=1&vvv=1" 
[2025-03-14T01:51:37+08:00] 206 "/chfs/shared/FILES/E-sysTemp/Cow/tissue/apache-tissue-v3-dsCherry-1371/dsCherry-1371.mp3?v=1&vvv=1" 
[2025-03-14T01:51:39+08:00] 206 "/chfs/shared/FILES/E-sysTemp/Cow/tissue/apache-tissue-v3-dsCherry-1371/dsCherry-1371.mp3?v=1&vvv=1" 
[2025-03-14T01:51:39+08:00] 499 "/chfs/shared/FILES/E-sysTemp/Cow/tissue/apache-tissue-v3-dsCherry-1371/dsCherry-1371.mp3?v=1&vvv=1" 
[2025-03-14T01:51:39+08:00] 206 "/chfs/shared/FILES/E-sysTemp/Cow/tissue/apache-tissue-v3-dsCherry-1371/dsCherry-1371.mp3?v=1&vvv=1" 
[2025-03-14T01:51:42+08:00] 206 "/chfs/shared/FILES/E-sysTemp/Cow/tissue/apache-tissue-v3-dsCherry-1371/dsCherry-1371.mp3?v=1&vvv=1" 
[2025-03-19T00:55:05+08:00] 200 "/chfs/shared/FILES/E-sysTemp/Cow/dreamMilk/siCherry-230/siCherry-230-s1.mp3?v=1&vvv=1" 
[2025-03-19T00:55:05+08:00] 206 "/chfs/shared/FILES/E-sysTemp/Cow/dreamMilk/siCherry-230/siCherry-230-s1.mp3?v=1&vvv=1" 
[2025-03-19T00:55:05+08:00] 206 "/chfs/shared/FILES/E-sysTemp/Cow/dreamMilk/siCherry-230/siCherry-230-s1.mp3?v=1&vvv=1" 
[2025-03-19T00:55:06+08:00] 206 "/chfs/shared/FILES/E-sysTemp/Cow/dreamMilk/siCherry-230/siCherry-230-s1.mp3?v=1&vvv=1" 
[2025-03-19T00:55:10+08:00] 206 "/chfs/shared/FILES/E-sysTemp/Cow/dreamMilk/siCherry-230/siCherry-230-s1.mp3?v=1&vvv=1" 
[2025-03-19T00:55:10+08:00] 206 "/chfs/shared/FILES/E-sysTemp/Cow/dreamMilk/siCherry-230/siCherry-230-s1.mp3?v=1&vvv=1" 
[2025-03-19T00:55:14+08:00] 206 "/chfs/shared/FILES/E-sysTemp/Cow/dreamMilk/siCherry-230/siCherry-230-s1.mp3?v=1&vvv=1" 
[2025-03-20T01:00:34+08:00] 200 "/chfs/shared/FILES/E-sysTemp/body/west-palace/ipCherry-183/ipCherry-183-s1.mp3?v=1&vvv=1" 
[2025-03-20T01:00:34+08:00] 206 "/chfs/shared/FILES/E-sysTemp/body/west-palace/ipCherry-183/ipCherry-183-s1.mp3?v=1&vvv=1" 
[2025-03-20T01:00:35+08:00] 206 "/chfs/shared/FILES/E-sysTemp/body/west-palace/ipCherry-183/ipCherry-183-s1.mp3?v=1&vvv=1" 
[2025-03-20T01:00:36+08:00] 206 "/chfs/shared/FILES/E-sysTemp/body/west-palace/ipCherry-183/ipCherry-183-s1.mp3?v=1&vvv=1" 
[2025-03-20T01:00:38+08:00] 206 "/chfs/shared/FILES/E-sysTemp/body/west-palace/ipCherry-183/ipCherry-183-s1.mp3?v=1&vvv=1" 
[2025-03-20T01:00:44+08:00] 206 "/chfs/shared/FILES/E-sysTemp/body/west-palace/ipCherry-183/ipCherry-183-s1.mp3?v=1&vvv=1" 
[2025-03-20T01:00:45+08:00] 206 "/chfs/shared/FILES/E-sysTemp/body/west-palace/ipCherry-183/ipCherry-183-s1.mp3?v=1&vvv=1" 
[2025-03-20T01:00:59+08:00] 206 "/chfs/shared/FILES/E-sysTemp/body/west-palace/ipCherry-183/ipCherry-183-s1.mp3?v=1&vvv=1" 
[2025-03-22T02:04:44+08:00] 200 "/chfs/shared/FILES/E-sysTemp/body/fen/ipCherry-256/ipCherry-256-s2.mp3?v=1&vvv=1" 
[2025-03-22T02:04:44+08:00] 206 "/chfs/shared/FILES/E-sysTemp/body/fen/ipCherry-256/ipCherry-256-s2.mp3?v=1&vvv=1" 
[2025-03-22T02:04:44+08:00] 206 "/chfs/shared/FILES/E-sysTemp/body/fen/ipCherry-256/ipCherry-256-s2.mp3?v=1&vvv=1" 
[2025-03-22T02:04:45+08:00] 206 "/chfs/shared/FILES/E-sysTemp/body/fen/ipCherry-256/ipCherry-256-s2.mp3?v=1&vvv=1" 
[2025-03-22T02:04:48+08:00] 206 "/chfs/shared/FILES/E-sysTemp/body/fen/ipCherry-256/ipCherry-256-s2.mp3?v=1&vvv=1" 
[2025-03-22T02:04:50+08:00] 206 "/chfs/shared/FILES/E-sysTemp/body/fen/ipCherry-256/ipCherry-256-s2.mp3?v=1&vvv=1" 
[2025-03-23T02:03:34+08:00] 200 "/chfs/shared/FILES/E-sysTemp/body/snow/kaCherry-401/kaCherry-401-s2.mp3?v=1&vvv=1" 
[2025-03-23T02:03:34+08:00] 206 "/chfs/shared/FILES/E-sysTemp/body/snow/kaCherry-401/kaCherry-401-s2.mp3?v=1&vvv=1" 
[2025-03-23T02:03:35+08:00] 206 "/chfs/shared/FILES/E-sysTemp/body/snow/kaCherry-401/kaCherry-401-s2.mp3?v=1&vvv=1" 
[2025-03-23T02:03:36+08:00] 206 "/chfs/shared/FILES/E-sysTemp/body/snow/kaCherry-401/kaCherry-401-s2.mp3?v=1&vvv=1" 
[2025-03-23T02:03:39+08:00] 206 "/chfs/shared/FILES/E-sysTemp/body/snow/kaCherry-401/kaCherry-401-s2.mp3?v=1&vvv=1" 
[2025-03-23T02:03:39+08:00] 206 "/chfs/shared/FILES/E-sysTemp/body/snow/kaCherry-401/kaCherry-401-s2.mp3?v=1&vvv=1" 
[2025-03-23T02:03:41+08:00] 206 "/chfs/shared/FILES/E-sysTemp/body/snow/kaCherry-401/kaCherry-401-s2.mp3?v=1&vvv=1" 
[2025-03-23T02:03:43+08:00] 206 "/chfs/shared/FILES/E-sysTemp/body/snow/kaCherry-401/kaCherry-401-s2.mp3?v=1&vvv=1" 
[2025-03-23T04:15:09+08:00] 200 "/chfs/shared/FILES/E-sysTemp/body/spring-sun/netsp-392/netsp-392.mp3?v=1&vvv=1" 
[2025-03-23T04:15:09+08:00] 206 "/chfs/shared/FILES/E-sysTemp/body/spring-sun/netsp-392/netsp-392.mp3?v=1&vvv=1" 
[2025-03-23T04:15:09+08:00] 206 "/chfs/shared/FILES/E-sysTemp/body/spring-sun/netsp-392/netsp-392.mp3?v=1&vvv=1" 
[2025-03-23T04:15:09+08:00] 206 "/chfs/shared/FILES/E-sysTemp/body/spring-sun/netsp-392/netsp-392.mp3?v=1&vvv=1" 
[2025-03-23T04:15:10+08:00] 206 "/chfs/shared/FILES/E-sysTemp/body/spring-sun/netsp-392/netsp-392.mp3?v=1&vvv=1" 
[2025-03-23T04:15:12+08:00] 206 "/chfs/shared/FILES/E-sysTemp/body/spring-sun/netsp-392/netsp-392.mp3?v=1&vvv=1" 
[2025-03-23T04:15:15+08:00] 206 "/chfs/shared/FILES/E-sysTemp/body/spring-sun/netsp-392/netsp-392.mp3?v=1&vvv=1" 
[2025-03-28T02:56:05+08:00] 200 "/chfs/shared/FILES/E-sysTemp/body/three-step/juCherry-218/juCherry-218-s1.mp3?v=1&vvv=1" 
[2025-03-28T02:56:05+08:00] 206 "/chfs/shared/FILES/E-sysTemp/body/three-step/juCherry-218/juCherry-218-s1.mp3?v=1&vvv=1" 
[2025-03-28T02:56:05+08:00] 206 "/chfs/shared/FILES/E-sysTemp/body/three-step/juCherry-218/juCherry-218-s1.mp3?v=1&vvv=1" 
[2025-03-28T02:56:07+08:00] 206 "/chfs/shared/FILES/E-sysTemp/body/three-step/juCherry-218/juCherry-218-s1.mp3?v=1&vvv=1" 
[2025-03-28T02:56:09+08:00] 206 "/chfs/shared/FILES/E-sysTemp/body/three-step/juCherry-218/juCherry-218-s1.mp3?v=1&vvv=1" 
[2025-03-28T02:56:12+08:00] 206 "/chfs/shared/FILES/E-sysTemp/body/three-step/juCherry-218/juCherry-218-s1.mp3?v=1&vvv=1" 
[2025-03-28T02:56:15+08:00] 206 "/chfs/shared/FILES/E-sysTemp/body/three-step/juCherry-218/juCherry-218-s1.mp3?v=1&vvv=1" 
[2025-03-28T02:56:17+08:00] 206 "/chfs/shared/FILES/E-sysTemp/body/three-step/juCherry-218/juCherry-218-s1.mp3?v=1&vvv=1" 
[2025-03-28T02:56:23+08:00] 206 "/chfs/shared/FILES/E-sysTemp/body/three-step/juCherry-218/juCherry-218-s1.mp3?v=1&vvv=1" 
[2025-03-28T05:46:51+08:00] 200 "/chfs/shared/FILES/E-sysTemp/Cow/water/mdCherry-249/mdCherry-249-s2.mp3?v=1&vvv=1" 
[2025-03-28T05:46:51+08:00] 206 "/chfs/shared/FILES/E-sysTemp/Cow/water/mdCherry-249/mdCherry-249-s2.mp3?v=1&vvv=1" 
[2025-03-28T05:46:51+08:00] 206 "/chfs/shared/FILES/E-sysTemp/Cow/water/mdCherry-249/mdCherry-249-s2.mp3?v=1&vvv=1" 
[2025-03-28T05:46:52+08:00] 206 "/chfs/shared/FILES/E-sysTemp/Cow/water/mdCherry-249/mdCherry-249-s2.mp3?v=1&vvv=1" 
[2025-03-28T05:46:56+08:00] 206 "/chfs/shared/FILES/E-sysTemp/Cow/water/mdCherry-249/mdCherry-249-s2.mp3?v=1&vvv=1" 
[2025-03-28T05:46:59+08:00] 206 "/chfs/shared/FILES/E-sysTemp/Cow/water/mdCherry-249/mdCherry-249-s2.mp3?v=1&vvv=1" 
[2025-03-29T06:35:56+08:00] 200 "/chfs/shared/FILES/E-sysTemp/Cow/teeth/PPCherry-020/PPCherry-020.mp3?v=1&vvv=1" 
[2025-03-29T06:35:56+08:00] 206 "/chfs/shared/FILES/E-sysTemp/Cow/teeth/PPCherry-020/PPCherry-020.mp3?v=1&vvv=1" 
[2025-03-29T06:35:56+08:00] 206 "/chfs/shared/FILES/E-sysTemp/Cow/teeth/PPCherry-020/PPCherry-020.mp3?v=1&vvv=1" 
[2025-03-29T06:35:57+08:00] 206 "/chfs/shared/FILES/E-sysTemp/Cow/teeth/PPCherry-020/PPCherry-020.mp3?v=1&vvv=1" 
[2025-03-29T06:35:57+08:00] 206 "/chfs/shared/FILES/E-sysTemp/Cow/teeth/PPCherry-020/PPCherry-020.mp3?v=1&vvv=1" 
[2025-03-29T06:35:59+08:00] 206 "/chfs/shared/FILES/E-sysTemp/Cow/teeth/PPCherry-020/PPCherry-020.mp3?v=1&vvv=1" 
[2025-03-29T06:36:05+08:00] 206 "/chfs/shared/FILES/E-sysTemp/Cow/teeth/PPCherry-020/PPCherry-020.mp3?v=1&vvv=1" 
[2025-03-30T03:15:20+08:00] 200 "/chfs/shared/FILES/E-sysTemp/body/wm/dsCherry-1177/dsCherry-1177.mp3?v=1&vvv=1" 
[2025-03-30T03:15:20+08:00] 206 "/chfs/shared/FILES/E-sysTemp/body/wm/dsCherry-1177/dsCherry-1177.mp3?v=1&vvv=1" 
[2025-03-30T03:15:21+08:00] 206 "/chfs/shared/FILES/E-sysTemp/body/wm/dsCherry-1177/dsCherry-1177.mp3?v=1&vvv=1" 
[2025-03-30T03:15:22+08:00] 206 "/chfs/shared/FILES/E-sysTemp/body/wm/dsCherry-1177/dsCherry-1177.mp3?v=1&vvv=1" 
[2025-03-30T03:15:25+08:00] 206 "/chfs/shared/FILES/E-sysTemp/body/wm/dsCherry-1177/dsCherry-1177.mp3?v=1&vvv=1" 
[2025-03-30T03:15:26+08:00] 206 "/chfs/shared/FILES/E-sysTemp/body/wm/dsCherry-1177/dsCherry-1177.mp3?v=1&vvv=1" 
[2025-04-01T01:46:54+08:00] 200 "/chfs/shared/FILES/E-sysTemp/body/white-hill/apache-v3-ipCherry-163/ipCherry-163.mp3?v=1&vvv=1" 
[2025-04-01T01:46:54+08:00] 206 "/chfs/shared/FILES/E-sysTemp/body/white-hill/apache-v3-ipCherry-163/ipCherry-163.mp3?v=1&vvv=1" 
[2025-04-01T01:46:55+08:00] 206 "/chfs/shared/FILES/E-sysTemp/body/white-hill/apache-v3-ipCherry-163/ipCherry-163.mp3?v=1&vvv=1" 
[2025-04-01T01:46:55+08:00] 206 "/chfs/shared/FILES/E-sysTemp/body/white-hill/apache-v3-ipCherry-163/ipCherry-163.mp3?v=1&vvv=1" 
[2025-04-01T01:46:57+08:00] 206 "/chfs/shared/FILES/E-sysTemp/body/white-hill/apache-v3-ipCherry-163/ipCherry-163.mp3?v=1&vvv=1" 
[2025-04-01T01:47:01+08:00] 206 "/chfs/shared/FILES/E-sysTemp/body/white-hill/apache-v3-ipCherry-163/ipCherry-163.mp3?v=1&vvv=1" 
[2025-04-03T01:32:19+08:00] 200 "/chfs/shared/FILES/E-sysTemp/Cow/tissue/apache-tissue-v3-ebCherry-081/ebCherry-081.mp3?v=1&vvv=1" 
[2025-04-03T01:32:19+08:00] 206 "/chfs/shared/FILES/E-sysTemp/Cow/tissue/apache-tissue-v3-ebCherry-081/ebCherry-081.mp3?v=1&vvv=1" 
[2025-04-03T01:32:20+08:00] 206 "/chfs/shared/FILES/E-sysTemp/Cow/tissue/apache-tissue-v3-ebCherry-081/ebCherry-081.mp3?v=1&vvv=1" 
[2025-04-03T01:32:21+08:00] 206 "/chfs/shared/FILES/E-sysTemp/Cow/tissue/apache-tissue-v3-ebCherry-081/ebCherry-081.mp3?v=1&vvv=1" 
[2025-04-03T01:32:25+08:00] 206 "/chfs/shared/FILES/E-sysTemp/Cow/tissue/apache-tissue-v3-ebCherry-081/ebCherry-081.mp3?v=1&vvv=1" 
[2025-04-03T01:32:28+08:00] 206 "/chfs/shared/FILES/E-sysTemp/Cow/tissue/apache-tissue-v3-ebCherry-081/ebCherry-081.mp3?v=1&vvv=1" 
[2025-04-05T00:33:39+08:00] 200 "/chfs/shared/FILES/E-sysTemp/body/panelRoad/siCherry-338/siCherry-338-s2.mp3?v=1&vvv=1" 
[2025-04-05T00:33:39+08:00] 206 "/chfs/shared/FILES/E-sysTemp/body/panelRoad/siCherry-338/siCherry-338-s2.mp3?v=1&vvv=1" 
[2025-04-05T00:33:39+08:00] 206 "/chfs/shared/FILES/E-sysTemp/body/panelRoad/siCherry-338/siCherry-338-s2.mp3?v=1&vvv=1" 
[2025-04-05T00:33:41+08:00] 206 "/chfs/shared/FILES/E-sysTemp/body/panelRoad/siCherry-338/siCherry-338-s2.mp3?v=1&vvv=1" 
[2025-04-05T00:33:42+08:00] 206 "/chfs/shared/FILES/E-sysTemp/body/panelRoad/siCherry-338/siCherry-338-s2.mp3?v=1&vvv=1" 
[2025-04-05T00:33:45+08:00] 206 "/chfs/shared/FILES/E-sysTemp/body/panelRoad/siCherry-338/siCherry-338-s2.mp3?v=1&vvv=1" 
[2025-04-05T00:33:48+08:00] 206 "/chfs/shared/FILES/E-sysTemp/body/panelRoad/siCherry-338/siCherry-338-s2.mp3?v=1&vvv=1" 
[2025-04-07T03:25:59+08:00] 200 "/chfs/shared/FILES/E-sysTemp/body/deepField/zinx-v3-prCherry-028/prCherry-028.mp3?v=1&vvv=1" 
[2025-04-07T03:25:59+08:00] 206 "/chfs/shared/FILES/E-sysTemp/body/deepField/zinx-v3-prCherry-028/prCherry-028.mp3?v=1&vvv=1" 
[2025-04-07T03:26:00+08:00] 206 "/chfs/shared/FILES/E-sysTemp/body/deepField/zinx-v3-prCherry-028/prCherry-028.mp3?v=1&vvv=1" 
[2025-04-07T03:26:01+08:00] 206 "/chfs/shared/FILES/E-sysTemp/body/deepField/zinx-v3-prCherry-028/prCherry-028.mp3?v=1&vvv=1" 
[2025-04-07T03:26:03+08:00] 206 "/chfs/shared/FILES/E-sysTemp/body/deepField/zinx-v3-prCherry-028/prCherry-028.mp3?v=1&vvv=1" 
[2025-04-07T03:26:07+08:00] 206 "/chfs/shared/FILES/E-sysTemp/body/deepField/zinx-v3-prCherry-028/prCherry-028.mp3?v=1&vvv=1" 
[2025-04-09T02:27:10+08:00] 200 "/chfs/shared/FILES/E-sysTemp/Cow/long-bin/ipCherry-276/ipCherry-276-s2.mp3?v=1&vvv=1" 
[2025-04-09T02:27:10+08:00] 206 "/chfs/shared/FILES/E-sysTemp/Cow/long-bin/ipCherry-276/ipCherry-276-s2.mp3?v=1&vvv=1" 
[2025-04-09T02:27:10+08:00] 206 "/chfs/shared/FILES/E-sysTemp/Cow/long-bin/ipCherry-276/ipCherry-276-s2.mp3?v=1&vvv=1" 
[2025-04-09T02:27:12+08:00] 206 "/chfs/shared/FILES/E-sysTemp/Cow/long-bin/ipCherry-276/ipCherry-276-s2.mp3?v=1&vvv=1" 
[2025-04-09T02:27:14+08:00] 206 "/chfs/shared/FILES/E-sysTemp/Cow/long-bin/ipCherry-276/ipCherry-276-s2.mp3?v=1&vvv=1" 
[2025-04-09T02:27:16+08:00] 206 "/chfs/shared/FILES/E-sysTemp/Cow/long-bin/ipCherry-276/ipCherry-276-s2.mp3?v=1&vvv=1" 
[2025-04-09T02:27:21+08:00] 206 "/chfs/shared/FILES/E-sysTemp/Cow/long-bin/ipCherry-276/ipCherry-276-s2.mp3?v=1&vvv=1" 
[2025-04-11T02:46:38+08:00] 200 "/chfs/shared/FILES/E-sysTemp/body/one-heart/mdCherry-307/mdCherry-307-s2.mp3?v=1&vvv=1" 
[2025-04-11T02:46:38+08:00] 206 "/chfs/shared/FILES/E-sysTemp/body/one-heart/mdCherry-307/mdCherry-307-s2.mp3?v=1&vvv=1" 
[2025-04-11T02:46:39+08:00] 206 "/chfs/shared/FILES/E-sysTemp/body/one-heart/mdCherry-307/mdCherry-307-s2.mp3?v=1&vvv=1" 
[2025-04-11T02:46:39+08:00] 206 "/chfs/shared/FILES/E-sysTemp/body/one-heart/mdCherry-307/mdCherry-307-s2.mp3?v=1&vvv=1" 
[2025-04-11T02:46:42+08:00] 206 "/chfs/shared/FILES/E-sysTemp/body/one-heart/mdCherry-307/mdCherry-307-s2.mp3?v=1&vvv=1" 
[2025-04-11T02:46:45+08:00] 206 "/chfs/shared/FILES/E-sysTemp/body/one-heart/mdCherry-307/mdCherry-307-s2.mp3?v=1&vvv=1" 
[2025-04-12T02:04:30+08:00] 200 "/chfs/shared/FILES/E-sysTemp/Cow/townup/siCherry-334/siCherry-334.mp3?v=1&vvv=1" 
[2025-04-12T02:04:30+08:00] 206 "/chfs/shared/FILES/E-sysTemp/Cow/townup/siCherry-334/siCherry-334.mp3?v=1&vvv=1" 
[2025-04-12T02:04:30+08:00] 206 "/chfs/shared/FILES/E-sysTemp/Cow/townup/siCherry-334/siCherry-334.mp3?v=1&vvv=1" 
[2025-04-12T02:04:31+08:00] 206 "/chfs/shared/FILES/E-sysTemp/Cow/townup/siCherry-334/siCherry-334.mp3?v=1&vvv=1" 
[2025-04-12T02:04:33+08:00] 206 "/chfs/shared/FILES/E-sysTemp/Cow/townup/siCherry-334/siCherry-334.mp3?v=1&vvv=1" 
[2025-04-12T02:04:36+08:00] 206 "/chfs/shared/FILES/E-sysTemp/Cow/townup/siCherry-334/siCherry-334.mp3?v=1&vvv=1" 
[2025-04-13T05:23:33+08:00] 200 "/chfs/shared/FILES/F-sysTemp/Virtualv/wf/south/ipCherry-214/ipCherry-214-s1.mp3?v=1&vvv=1" 
[2025-04-13T05:23:33+08:00] 206 "/chfs/shared/FILES/F-sysTemp/Virtualv/wf/south/ipCherry-214/ipCherry-214-s1.mp3?v=1&vvv=1" 
[2025-04-13T05:23:33+08:00] 206 "/chfs/shared/FILES/F-sysTemp/Virtualv/wf/south/ipCherry-214/ipCherry-214-s1.mp3?v=1&vvv=1" 
[2025-04-13T05:23:34+08:00] 206 "/chfs/shared/FILES/F-sysTemp/Virtualv/wf/south/ipCherry-214/ipCherry-214-s1.mp3?v=1&vvv=1" 
[2025-04-13T05:23:35+08:00] 206 "/chfs/shared/FILES/F-sysTemp/Virtualv/wf/south/ipCherry-214/ipCherry-214-s1.mp3?v=1&vvv=1" 
[2025-04-13T05:23:38+08:00] 206 "/chfs/shared/FILES/F-sysTemp/Virtualv/wf/south/ipCherry-214/ipCherry-214-s1.mp3?v=1&vvv=1" 
[2025-04-13T05:23:40+08:00] 206 "/chfs/shared/FILES/F-sysTemp/Virtualv/wf/south/ipCherry-214/ipCherry-214-s1.mp3?v=1&vvv=1" 
[2025-04-16T01:28:55+08:00] 200 "/chfs/shared/FILES/E-sysTemp/body/teach/apache-v3-TASK-1378/TASK-1378.mp3?v=1&vvv=1" 
[2025-04-16T01:28:55+08:00] 206 "/chfs/shared/FILES/E-sysTemp/body/teach/apache-v3-TASK-1378/TASK-1378.mp3?v=1&vvv=1" 
[2025-04-16T01:28:56+08:00] 206 "/chfs/shared/FILES/E-sysTemp/body/teach/apache-v3-TASK-1378/TASK-1378.mp3?v=1&vvv=1" 
[2025-04-16T01:28:57+08:00] 206 "/chfs/shared/FILES/E-sysTemp/body/teach/apache-v3-TASK-1378/TASK-1378.mp3?v=1&vvv=1" 
[2025-04-16T01:29:00+08:00] 206 "/chfs/shared/FILES/E-sysTemp/body/teach/apache-v3-TASK-1378/TASK-1378.mp3?v=1&vvv=1" 
[2025-04-16T01:29:02+08:00] 206 "/chfs/shared/FILES/E-sysTemp/body/teach/apache-v3-TASK-1378/TASK-1378.mp3?v=1&vvv=1" 
[2025-04-16T01:29:05+08:00] 206 "/chfs/shared/FILES/E-sysTemp/body/teach/apache-v3-TASK-1378/TASK-1378.mp3?v=1&vvv=1" 
[2025-04-17T01:12:18+08:00] 200 "/chfs/shared/FILES/E-sysTemp/body/cute/HFL-newWell/apache-spring-v3-time-580/time-580-hr.mp3?v=1&vvv=1" 
[2025-04-17T01:12:18+08:00] 206 "/chfs/shared/FILES/E-sysTemp/body/cute/HFL-newWell/apache-spring-v3-time-580/time-580-hr.mp3?v=1&vvv=1" 
[2025-04-17T01:12:18+08:00] 206 "/chfs/shared/FILES/E-sysTemp/body/cute/HFL-newWell/apache-spring-v3-time-580/time-580-hr.mp3?v=1&vvv=1" 
[2025-04-17T01:12:19+08:00] 206 "/chfs/shared/FILES/E-sysTemp/body/cute/HFL-newWell/apache-spring-v3-time-580/time-580-hr.mp3?v=1&vvv=1" 
[2025-04-17T01:12:20+08:00] 206 "/chfs/shared/FILES/E-sysTemp/body/cute/HFL-newWell/apache-spring-v3-time-580/time-580-hr.mp3?v=1&vvv=1" 
[2025-04-17T01:12:25+08:00] 206 "/chfs/shared/FILES/E-sysTemp/body/cute/HFL-newWell/apache-spring-v3-time-580/time-580-hr.mp3?v=1&vvv=1" 
[2025-04-17T01:12:29+08:00] 206 "/chfs/shared/FILES/E-sysTemp/body/cute/HFL-newWell/apache-spring-v3-time-580/time-580-hr.mp3?v=1&vvv=1" 
[2025-04-17T02:30:31+08:00] 200 "/chfs/shared/FILES/E-sysTemp/Cow/lotus-leaf/apache-v3-ajCherry-208/ajCherry-208.mp3?v=1&vvv=1" 
[2025-04-17T02:30:31+08:00] 206 "/chfs/shared/FILES/E-sysTemp/Cow/lotus-leaf/apache-v3-ajCherry-208/ajCherry-208.mp3?v=1&vvv=1" 
[2025-04-17T02:30:32+08:00] 206 "/chfs/shared/FILES/E-sysTemp/Cow/lotus-leaf/apache-v3-ajCherry-208/ajCherry-208.mp3?v=1&vvv=1" 
[2025-04-17T02:30:33+08:00] 206 "/chfs/shared/FILES/E-sysTemp/Cow/lotus-leaf/apache-v3-ajCherry-208/ajCherry-208.mp3?v=1&vvv=1" 
[2025-04-17T02:30:34+08:00] 206 "/chfs/shared/FILES/E-sysTemp/Cow/lotus-leaf/apache-v3-ajCherry-208/ajCherry-208.mp3?v=1&vvv=1" 
[2025-04-17T02:30:36+08:00] 206 "/chfs/shared/FILES/E-sysTemp/Cow/lotus-leaf/apache-v3-ajCherry-208/ajCherry-208.mp3?v=1&vvv=1" 
[2025-04-20T01:49:25+08:00] 200 "/chfs/shared/FILES/E-sysTemp/body/snow/kaCherry-401/kaCherry-401-s1.mp3?v=1&vvv=1" 
[2025-04-20T01:49:26+08:00] 206 "/chfs/shared/FILES/E-sysTemp/body/snow/kaCherry-401/kaCherry-401-s1.mp3?v=1&vvv=1" 
[2025-04-20T01:49:26+08:00] 206 "/chfs/shared/FILES/E-sysTemp/body/snow/kaCherry-401/kaCherry-401-s1.mp3?v=1&vvv=1" 
[2025-04-20T01:49:27+08:00] 206 "/chfs/shared/FILES/E-sysTemp/body/snow/kaCherry-401/kaCherry-401-s1.mp3?v=1&vvv=1" 
[2025-04-20T01:49:29+08:00] 206 "/chfs/shared/FILES/E-sysTemp/body/snow/kaCherry-401/kaCherry-401-s1.mp3?v=1&vvv=1" 
[2025-04-20T01:49:33+08:00] 206 "/chfs/shared/FILES/E-sysTemp/body/snow/kaCherry-401/kaCherry-401-s1.mp3?v=1&vvv=1" 
[2025-04-21T02:06:19+08:00] 200 "/chfs/shared/FILES/E-sysTemp/Cow/ball-stone/netsp-431/netsp-431.mp3?v=1&vvv=1" 
[2025-04-21T02:06:19+08:00] 206 "/chfs/shared/FILES/E-sysTemp/Cow/ball-stone/netsp-431/netsp-431.mp3?v=1&vvv=1" 
[2025-04-21T02:06:20+08:00] 206 "/chfs/shared/FILES/E-sysTemp/Cow/ball-stone/netsp-431/netsp-431.mp3?v=1&vvv=1" 
[2025-04-21T02:06:21+08:00] 206 "/chfs/shared/FILES/E-sysTemp/Cow/ball-stone/netsp-431/netsp-431.mp3?v=1&vvv=1" 
[2025-04-21T02:06:23+08:00] 206 "/chfs/shared/FILES/E-sysTemp/Cow/ball-stone/netsp-431/netsp-431.mp3?v=1&vvv=1" 
[2025-04-21T02:06:23+08:00] 206 "/chfs/shared/FILES/E-sysTemp/Cow/ball-stone/netsp-431/netsp-431.mp3?v=1&vvv=1" 
[2025-04-21T02:06:28+08:00] 206 "/chfs/shared/FILES/E-sysTemp/Cow/ball-stone/netsp-431/netsp-431.mp3?v=1&vvv=1" 
[2025-04-21T02:06:46+08:00] 206 "/chfs/shared/FILES/E-sysTemp/Cow/ball-stone/netsp-431/netsp-431.mp3?v=1&vvv=1" 
[2025-04-22T01:40:28+08:00] 200 "/chfs/shared/FILES/E-sysTemp/body/northFlower/apache-flower-v3-siCherry-247/siCherry-247-s1.mp3?v=1&vvv=1" 
[2025-04-22T01:40:29+08:00] 206 "/chfs/shared/FILES/E-sysTemp/body/northFlower/apache-flower-v3-siCherry-247/siCherry-247-s1.mp3?v=1&vvv=1" 
[2025-04-22T01:40:31+08:00] 206 "/chfs/shared/FILES/E-sysTemp/body/northFlower/apache-flower-v3-siCherry-247/siCherry-247-s1.mp3?v=1&vvv=1" 
[2025-04-22T01:40:32+08:00] 206 "/chfs/shared/FILES/E-sysTemp/body/northFlower/apache-flower-v3-siCherry-247/siCherry-247-s1.mp3?v=1&vvv=1" 
[2025-04-22T01:40:36+08:00] 206 "/chfs/shared/FILES/E-sysTemp/body/northFlower/apache-flower-v3-siCherry-247/siCherry-247-s1.mp3?v=1&vvv=1" 
[2025-04-22T01:40:39+08:00] 206 "/chfs/shared/FILES/E-sysTemp/body/northFlower/apache-flower-v3-siCherry-247/siCherry-247-s1.mp3?v=1&vvv=1" 
[2025-04-22T01:40:39+08:00] 206 "/chfs/shared/FILES/E-sysTemp/body/northFlower/apache-flower-v3-siCherry-247/siCherry-247-s1.mp3?v=1&vvv=1" 
[2025-04-22T01:40:43+08:00] 206 "/chfs/shared/FILES/E-sysTemp/body/northFlower/apache-flower-v3-siCherry-247/siCherry-247-s1.mp3?v=1&vvv=1" 
[2025-04-22T01:40:43+08:00] 206 "/chfs/shared/FILES/E-sysTemp/body/northFlower/apache-flower-v3-siCherry-247/siCherry-247-s1.mp3?v=1&vvv=1" 
[2025-04-22T03:39:00+08:00] 200 "/chfs/shared/FILES/E-sysTemp/Cow/orange/kaCherry-344/kaCherry-344-s1.mp3?v=1&vvv=1" 
[2025-04-22T03:39:01+08:00] 206 "/chfs/shared/FILES/E-sysTemp/Cow/orange/kaCherry-344/kaCherry-344-s1.mp3?v=1&vvv=1" 
[2025-04-22T03:39:01+08:00] 206 "/chfs/shared/FILES/E-sysTemp/Cow/orange/kaCherry-344/kaCherry-344-s1.mp3?v=1&vvv=1" 
[2025-04-22T03:39:02+08:00] 206 "/chfs/shared/FILES/E-sysTemp/Cow/orange/kaCherry-344/kaCherry-344-s1.mp3?v=1&vvv=1" 
[2025-04-22T03:39:03+08:00] 206 "/chfs/shared/FILES/E-sysTemp/Cow/orange/kaCherry-344/kaCherry-344-s1.mp3?v=1&vvv=1" 
[2025-04-22T03:39:04+08:00] 206 "/chfs/shared/FILES/E-sysTemp/Cow/orange/kaCherry-344/kaCherry-344-s1.mp3?v=1&vvv=1" 
[2025-04-22T03:39:05+08:00] 206 "/chfs/shared/FILES/E-sysTemp/Cow/orange/kaCherry-344/kaCherry-344-s1.mp3?v=1&vvv=1" 
[2025-04-22T03:39:09+08:00] 206 "/chfs/shared/FILES/E-sysTemp/Cow/orange/kaCherry-344/kaCherry-344-s1.mp3?v=1&vvv=1" 
[2025-04-22T03:39:12+08:00] 206 "/chfs/shared/FILES/E-sysTemp/Cow/orange/kaCherry-344/kaCherry-344-s1.mp3?v=1&vvv=1" 
[2025-04-25T01:49:35+08:00] 200 "/chfs/shared/FILES/E-sysTemp/Cow/tiger/siCherry-281/siCherry-281.mp3?v=1&vvv=1" 
[2025-04-25T01:49:35+08:00] 206 "/chfs/shared/FILES/E-sysTemp/Cow/tiger/siCherry-281/siCherry-281.mp3?v=1&vvv=1" 
[2025-04-25T01:49:36+08:00] 206 "/chfs/shared/FILES/E-sysTemp/Cow/tiger/siCherry-281/siCherry-281.mp3?v=1&vvv=1" 
[2025-04-25T01:49:40+08:00] 206 "/chfs/shared/FILES/E-sysTemp/Cow/tiger/siCherry-281/siCherry-281.mp3?v=1&vvv=1" 
[2025-04-26T01:47:57+08:00] 200 "/chfs/shared/FILES/E-sysTemp/body/west-palace/dsCherry-1616/dsCherry-1616.mp3?v=1&vvv=1" 
[2025-04-26T01:47:57+08:00] 206 "/chfs/shared/FILES/E-sysTemp/body/west-palace/dsCherry-1616/dsCherry-1616.mp3?v=1&vvv=1" 
[2025-04-26T01:47:58+08:00] 206 "/chfs/shared/FILES/E-sysTemp/body/west-palace/dsCherry-1616/dsCherry-1616.mp3?v=1&vvv=1" 
[2025-04-26T01:48:03+08:00] 206 "/chfs/shared/FILES/E-sysTemp/body/west-palace/dsCherry-1616/dsCherry-1616.mp3?v=1&vvv=1" 
[2025-04-26T01:48:10+08:00] 206 "/chfs/shared/FILES/E-sysTemp/body/west-palace/dsCherry-1616/dsCherry-1616.mp3?v=1&vvv=1" 
[2025-04-27T02:47:36+08:00] 200 "/chfs/shared/FILES/E-sysTemp/Cow/pine-pear/prCherry-076/prCherry-076-s2.mp3?v=1&vvv=1" 
[2025-04-27T02:47:36+08:00] 206 "/chfs/shared/FILES/E-sysTemp/Cow/pine-pear/prCherry-076/prCherry-076-s2.mp3?v=1&vvv=1" 
[2025-04-27T02:47:36+08:00] 206 "/chfs/shared/FILES/E-sysTemp/Cow/pine-pear/prCherry-076/prCherry-076-s2.mp3?v=1&vvv=1" 
[2025-04-27T02:47:37+08:00] 206 "/chfs/shared/FILES/E-sysTemp/Cow/pine-pear/prCherry-076/prCherry-076-s2.mp3?v=1&vvv=1" 
[2025-04-27T02:47:40+08:00] 206 "/chfs/shared/FILES/E-sysTemp/Cow/pine-pear/prCherry-076/prCherry-076-s2.mp3?v=1&vvv=1" 
[2025-04-27T02:47:44+08:00] 206 "/chfs/shared/FILES/E-sysTemp/Cow/pine-pear/prCherry-076/prCherry-076-s2.mp3?v=1&vvv=1" 
[2025-04-29T05:59:00+08:00] 200 "/chfs/shared/FILES/E-sysTemp/body/three-field/siCherry-366/siCherry-366-s1.mp3?v=1&vvv=1" 
[2025-04-29T05:59:00+08:00] 206 "/chfs/shared/FILES/E-sysTemp/body/three-field/siCherry-366/siCherry-366-s1.mp3?v=1&vvv=1" 
[2025-04-29T05:59:01+08:00] 206 "/chfs/shared/FILES/E-sysTemp/body/three-field/siCherry-366/siCherry-366-s1.mp3?v=1&vvv=1" 
[2025-04-29T05:59:02+08:00] 206 "/chfs/shared/FILES/E-sysTemp/body/three-field/siCherry-366/siCherry-366-s1.mp3?v=1&vvv=1" 
[2025-04-29T05:59:04+08:00] 206 "/chfs/shared/FILES/E-sysTemp/body/three-field/siCherry-366/siCherry-366-s1.mp3?v=1&vvv=1" 
[2025-04-29T05:59:07+08:00] 206 "/chfs/shared/FILES/E-sysTemp/body/three-field/siCherry-366/siCherry-366-s1.mp3?v=1&vvv=1" 
[2025-04-29T06:20:31+08:00] 200 "/chfs/shared/FILES/E-sysTemp/body/three-field/siCherry-366/siCherry-366-s2.mp3?v=1&vvv=1" 
[2025-04-29T06:20:31+08:00] 206 "/chfs/shared/FILES/E-sysTemp/body/three-field/siCherry-366/siCherry-366-s2.mp3?v=1&vvv=1" 
[2025-04-29T06:20:31+08:00] 206 "/chfs/shared/FILES/E-sysTemp/body/three-field/siCherry-366/siCherry-366-s2.mp3?v=1&vvv=1" 
[2025-04-29T06:20:32+08:00] 206 "/chfs/shared/FILES/E-sysTemp/body/three-field/siCherry-366/siCherry-366-s2.mp3?v=1&vvv=1" 
[2025-04-29T06:20:33+08:00] 206 "/chfs/shared/FILES/E-sysTemp/body/three-field/siCherry-366/siCherry-366-s2.mp3?v=1&vvv=1" 
[2025-04-29T06:20:34+08:00] 206 "/chfs/shared/FILES/E-sysTemp/body/three-field/siCherry-366/siCherry-366-s2.mp3?v=1&vvv=1" 
[2025-04-29T06:20:38+08:00] 206 "/chfs/shared/FILES/E-sysTemp/body/three-field/siCherry-366/siCherry-366-s2.mp3?v=1&vvv=1" 
[2025-04-29T06:20:40+08:00] 206 "/chfs/shared/FILES/E-sysTemp/body/three-field/siCherry-366/siCherry-366-s2.mp3?v=1&vvv=1" 
[2025-04-30T01:26:52+08:00] 200 "/chfs/shared/FILES/E-sysTemp/body/universal-wild/ebCherry-079/ebCherry-079.mp3?v=1&vvv=1" 
[2025-04-30T01:26:52+08:00] 206 "/chfs/shared/FILES/E-sysTemp/body/universal-wild/ebCherry-079/ebCherry-079.mp3?v=1&vvv=1" 
[2025-04-30T01:26:53+08:00] 206 "/chfs/shared/FILES/E-sysTemp/body/universal-wild/ebCherry-079/ebCherry-079.mp3?v=1&vvv=1" 
[2025-04-30T01:26:54+08:00] 206 "/chfs/shared/FILES/E-sysTemp/body/universal-wild/ebCherry-079/ebCherry-079.mp3?v=1&vvv=1" 
[2025-04-30T01:26:54+08:00] 206 "/chfs/shared/FILES/E-sysTemp/body/universal-wild/ebCherry-079/ebCherry-079.mp3?v=1&vvv=1" 
[2025-04-30T01:26:55+08:00] 206 "/chfs/shared/FILES/E-sysTemp/body/universal-wild/ebCherry-079/ebCherry-079.mp3?v=1&vvv=1" 
[2025-04-30T01:26:57+08:00] 206 "/chfs/shared/FILES/E-sysTemp/body/universal-wild/ebCherry-079/ebCherry-079.mp3?v=1&vvv=1" 
[2025-05-01T05:51:29+08:00] 200 "/chfs/shared/FILES/E-sysTemp/body/white-hill/apache-v3-ipCherry-121/ipCherry-121.mp3?v=1&vvv=1" 
[2025-05-01T05:51:29+08:00] 206 "/chfs/shared/FILES/E-sysTemp/body/white-hill/apache-v3-ipCherry-121/ipCherry-121.mp3?v=1&vvv=1" 
[2025-05-01T05:51:30+08:00] 206 "/chfs/shared/FILES/E-sysTemp/body/white-hill/apache-v3-ipCherry-121/ipCherry-121.mp3?v=1&vvv=1" 
[2025-05-01T05:51:30+08:00] 206 "/chfs/shared/FILES/E-sysTemp/body/white-hill/apache-v3-ipCherry-121/ipCherry-121.mp3?v=1&vvv=1" 
[2025-05-01T05:51:33+08:00] 206 "/chfs/shared/FILES/E-sysTemp/body/white-hill/apache-v3-ipCherry-121/ipCherry-121.mp3?v=1&vvv=1" 
[2025-05-01T05:51:33+08:00] 206 "/chfs/shared/FILES/E-sysTemp/body/white-hill/apache-v3-ipCherry-121/ipCherry-121.mp3?v=1&vvv=1" 
[2025-05-01T05:51:38+08:00] 206 "/chfs/shared/FILES/E-sysTemp/body/white-hill/apache-v3-ipCherry-121/ipCherry-121.mp3?v=1&vvv=1" 
[2025-05-03T02:45:38+08:00] 200 "/chfs/shared/FILES/E-sysTemp/body/black-island/siCherry-301/siCherry-301-s1.mp3?v=1&vvv=1" 
[2025-05-03T02:45:38+08:00] 206 "/chfs/shared/FILES/E-sysTemp/body/black-island/siCherry-301/siCherry-301-s1.mp3?v=1&vvv=1" 
[2025-05-03T02:45:38+08:00] 206 "/chfs/shared/FILES/E-sysTemp/body/black-island/siCherry-301/siCherry-301-s1.mp3?v=1&vvv=1" 
[2025-05-03T02:45:38+08:00] 206 "/chfs/shared/FILES/E-sysTemp/body/black-island/siCherry-301/siCherry-301-s1.mp3?v=1&vvv=1" 
[2025-05-03T02:45:39+08:00] 206 "/chfs/shared/FILES/E-sysTemp/body/black-island/siCherry-301/siCherry-301-s1.mp3?v=1&vvv=1" 
[2025-05-03T02:45:43+08:00] 206 "/chfs/shared/FILES/E-sysTemp/body/black-island/siCherry-301/siCherry-301-s1.mp3?v=1&vvv=1" 
[2025-05-08T03:12:43+08:00] 200 "/chfs/shared/FILES/E-sysTemp/Cow/dreamMilk/SICherry-093//SICherry-093-S2.mp3?v=1&vvv=1" 
[2025-05-08T03:12:43+08:00] 206 "/chfs/shared/FILES/E-sysTemp/Cow/dreamMilk/SICherry-093//SICherry-093-S2.mp3?v=1&vvv=1" 
[2025-05-08T03:12:44+08:00] 206 "/chfs/shared/FILES/E-sysTemp/Cow/dreamMilk/SICherry-093//SICherry-093-S2.mp3?v=1&vvv=1" 
[2025-05-08T03:12:45+08:00] 206 "/chfs/shared/FILES/E-sysTemp/Cow/dreamMilk/SICherry-093//SICherry-093-S2.mp3?v=1&vvv=1" 
[2025-05-08T03:12:48+08:00] 206 "/chfs/shared/FILES/E-sysTemp/Cow/dreamMilk/SICherry-093//SICherry-093-S2.mp3?v=1&vvv=1" 
[2025-05-08T03:12:50+08:00] 206 "/chfs/shared/FILES/E-sysTemp/Cow/dreamMilk/SICherry-093//SICherry-093-S2.mp3?v=1&vvv=1" 
[2025-05-09T02:04:27+08:00] 200 "/chfs/shared/FILES/E-sysTemp/body/panelRoad/siCherry-317/siCherry-317-s2.mp3?v=1&vvv=1" 
[2025-05-09T02:04:27+08:00] 206 "/chfs/shared/FILES/E-sysTemp/body/panelRoad/siCherry-317/siCherry-317-s2.mp3?v=1&vvv=1" 
[2025-05-09T02:04:27+08:00] 206 "/chfs/shared/FILES/E-sysTemp/body/panelRoad/siCherry-317/siCherry-317-s2.mp3?v=1&vvv=1" 
[2025-05-09T02:04:27+08:00] 206 "/chfs/shared/FILES/E-sysTemp/body/panelRoad/siCherry-317/siCherry-317-s2.mp3?v=1&vvv=1" 
[2025-05-09T02:04:28+08:00] 206 "/chfs/shared/FILES/E-sysTemp/body/panelRoad/siCherry-317/siCherry-317-s2.mp3?v=1&vvv=1" 
[2025-05-09T02:04:32+08:00] 206 "/chfs/shared/FILES/E-sysTemp/body/panelRoad/siCherry-317/siCherry-317-s2.mp3?v=1&vvv=1" 
[2025-05-09T02:04:35+08:00] 206 "/chfs/shared/FILES/E-sysTemp/body/panelRoad/siCherry-317/siCherry-317-s2.mp3?v=1&vvv=1" 
[2025-05-11T01:43:20+08:00] 200 "/chfs/shared/FILES/E-sysTemp/body/G.E.M/apache-GEM-v3-dsCherry-1480/dsCherry-1480.mp3?v=1&vvv=1" 
[2025-05-11T01:43:21+08:00] 206 "/chfs/shared/FILES/E-sysTemp/body/G.E.M/apache-GEM-v3-dsCherry-1480/dsCherry-1480.mp3?v=1&vvv=1" 
[2025-05-11T01:43:22+08:00] 206 "/chfs/shared/FILES/E-sysTemp/body/G.E.M/apache-GEM-v3-dsCherry-1480/dsCherry-1480.mp3?v=1&vvv=1" 
[2025-05-11T01:43:23+08:00] 206 "/chfs/shared/FILES/E-sysTemp/body/G.E.M/apache-GEM-v3-dsCherry-1480/dsCherry-1480.mp3?v=1&vvv=1" 
[2025-05-11T01:43:24+08:00] 206 "/chfs/shared/FILES/E-sysTemp/body/G.E.M/apache-GEM-v3-dsCherry-1480/dsCherry-1480.mp3?v=1&vvv=1" 
[2025-05-11T01:43:29+08:00] 206 "/chfs/shared/FILES/E-sysTemp/body/G.E.M/apache-GEM-v3-dsCherry-1480/dsCherry-1480.mp3?v=1&vvv=1" 
[2025-05-11T02:23:34+08:00] 200 "/chfs/shared/FILES/E-sysTemp/Cow/threeup/siCherry-034/SICherry-034.mp3?v=1&vvv=1" 
[2025-05-11T02:23:34+08:00] 206 "/chfs/shared/FILES/E-sysTemp/Cow/threeup/siCherry-034/SICherry-034.mp3?v=1&vvv=1" 
[2025-05-11T02:23:34+08:00] 206 "/chfs/shared/FILES/E-sysTemp/Cow/threeup/siCherry-034/SICherry-034.mp3?v=1&vvv=1" 
[2025-05-11T02:23:36+08:00] 206 "/chfs/shared/FILES/E-sysTemp/Cow/threeup/siCherry-034/SICherry-034.mp3?v=1&vvv=1" 
[2025-05-11T02:23:37+08:00] 206 "/chfs/shared/FILES/E-sysTemp/Cow/threeup/siCherry-034/SICherry-034.mp3?v=1&vvv=1" 
[2025-05-11T02:23:42+08:00] 206 "/chfs/shared/FILES/E-sysTemp/Cow/threeup/siCherry-034/SICherry-034.mp3?v=1&vvv=1" 
[2025-05-13T01:58:37+08:00] 200 "/chfs/shared/FILES/E-sysTemp/body/universal-wild/rsrCherry-040/rsrCherry-040.mp3?v=1&vvv=1" 
[2025-05-13T01:58:37+08:00] 206 "/chfs/shared/FILES/E-sysTemp/body/universal-wild/rsrCherry-040/rsrCherry-040.mp3?v=1&vvv=1" 
[2025-05-13T01:58:37+08:00] 206 "/chfs/shared/FILES/E-sysTemp/body/universal-wild/rsrCherry-040/rsrCherry-040.mp3?v=1&vvv=1" 
[2025-05-13T01:58:38+08:00] 206 "/chfs/shared/FILES/E-sysTemp/body/universal-wild/rsrCherry-040/rsrCherry-040.mp3?v=1&vvv=1" 
[2025-05-13T01:58:42+08:00] 206 "/chfs/shared/FILES/E-sysTemp/body/universal-wild/rsrCherry-040/rsrCherry-040.mp3?v=1&vvv=1" 
[2025-05-13T01:58:45+08:00] 206 "/chfs/shared/FILES/E-sysTemp/body/universal-wild/rsrCherry-040/rsrCherry-040.mp3?v=1&vvv=1" 
[2025-05-13T02:31:24+08:00] 200 "/chfs/shared/FILES/E-sysTemp/body/three-step/juCherry-185/juCherry-185.mp3?v=1&vvv=1" 
[2025-05-13T02:31:25+08:00] 206 "/chfs/shared/FILES/E-sysTemp/body/three-step/juCherry-185/juCherry-185.mp3?v=1&vvv=1" 
[2025-05-13T02:31:26+08:00] 206 "/chfs/shared/FILES/E-sysTemp/body/three-step/juCherry-185/juCherry-185.mp3?v=1&vvv=1" 
[2025-05-13T02:31:27+08:00] 206 "/chfs/shared/FILES/E-sysTemp/body/three-step/juCherry-185/juCherry-185.mp3?v=1&vvv=1" 
[2025-05-13T02:31:30+08:00] 206 "/chfs/shared/FILES/E-sysTemp/body/three-step/juCherry-185/juCherry-185.mp3?v=1&vvv=1" 
[2025-05-13T02:31:34+08:00] 206 "/chfs/shared/FILES/E-sysTemp/body/three-step/juCherry-185/juCherry-185.mp3?v=1&vvv=1" 
[2025-05-15T01:11:21+08:00] 200 "/chfs/shared/FILES/E-sysTemp/body/deepField/zinx-v3-kaCherry-027/KACherry-027.mp3?v=1&vvv=1" 
[2025-05-15T01:11:21+08:00] 206 "/chfs/shared/FILES/E-sysTemp/body/deepField/zinx-v3-kaCherry-027/KACherry-027.mp3?v=1&vvv=1" 
[2025-05-15T01:11:22+08:00] 206 "/chfs/shared/FILES/E-sysTemp/body/deepField/zinx-v3-kaCherry-027/KACherry-027.mp3?v=1&vvv=1" 
[2025-05-15T01:11:23+08:00] 206 "/chfs/shared/FILES/E-sysTemp/body/deepField/zinx-v3-kaCherry-027/KACherry-027.mp3?v=1&vvv=1" 
[2025-05-15T01:11:23+08:00] 206 "/chfs/shared/FILES/E-sysTemp/body/deepField/zinx-v3-kaCherry-027/KACherry-027.mp3?v=1&vvv=1" 
[2025-05-15T01:11:24+08:00] 206 "/chfs/shared/FILES/E-sysTemp/body/deepField/zinx-v3-kaCherry-027/KACherry-027.mp3?v=1&vvv=1" 
[2025-05-15T01:11:24+08:00] 206 "/chfs/shared/FILES/E-sysTemp/body/deepField/zinx-v3-kaCherry-027/KACherry-027.mp3?v=1&vvv=1" 
[2025-05-15T01:11:26+08:00] 206 "/chfs/shared/FILES/E-sysTemp/body/deepField/zinx-v3-kaCherry-027/KACherry-027.mp3?v=1&vvv=1" 
[2025-05-15T06:38:10+08:00] 200 "/chfs/shared/FILES/E-sysTemp/body/snow/kaCherry-331/kaCherry-331-s2.mp3?v=1&vvv=1" 
[2025-05-15T06:38:10+08:00] 206 "/chfs/shared/FILES/E-sysTemp/body/snow/kaCherry-331/kaCherry-331-s2.mp3?v=1&vvv=1" 
[2025-05-15T06:38:11+08:00] 206 "/chfs/shared/FILES/E-sysTemp/body/snow/kaCherry-331/kaCherry-331-s2.mp3?v=1&vvv=1" 
[2025-05-15T06:38:12+08:00] 206 "/chfs/shared/FILES/E-sysTemp/body/snow/kaCherry-331/kaCherry-331-s2.mp3?v=1&vvv=1" 
[2025-05-15T06:38:16+08:00] 206 "/chfs/shared/FILES/E-sysTemp/body/snow/kaCherry-331/kaCherry-331-s2.mp3?v=1&vvv=1" 
[2025-05-15T06:38:17+08:00] 206 "/chfs/shared/FILES/E-sysTemp/body/snow/kaCherry-331/kaCherry-331-s2.mp3?v=1&vvv=1" 
[2025-05-15T06:38:20+08:00] 206 "/chfs/shared/FILES/E-sysTemp/body/snow/kaCherry-331/kaCherry-331-s2.mp3?v=1&vvv=1" 
[2025-05-17T01:26:34+08:00] 200 "/chfs/shared/FILES/E-sysTemp/body/black-island/siCherry-301/siCherry-301-s2.mp3?v=1&vvv=1" 
[2025-05-17T01:26:35+08:00] 206 "/chfs/shared/FILES/E-sysTemp/body/black-island/siCherry-301/siCherry-301-s2.mp3?v=1&vvv=1" 
[2025-05-17T01:26:35+08:00] 206 "/chfs/shared/FILES/E-sysTemp/body/black-island/siCherry-301/siCherry-301-s2.mp3?v=1&vvv=1" 
[2025-05-17T01:26:37+08:00] 206 "/chfs/shared/FILES/E-sysTemp/body/black-island/siCherry-301/siCherry-301-s2.mp3?v=1&vvv=1" 
[2025-05-17T01:26:40+08:00] 206 "/chfs/shared/FILES/E-sysTemp/body/black-island/siCherry-301/siCherry-301-s2.mp3?v=1&vvv=1" 
[2025-05-17T01:26:43+08:00] 206 "/chfs/shared/FILES/E-sysTemp/body/black-island/siCherry-301/siCherry-301-s2.mp3?v=1&vvv=1" 
[2025-05-17T02:09:52+08:00] 200 "/chfs/shared/FILES/E-sysTemp/body/black-island/siCherry-371/siCherry-371-s1.mp3?v=1&vvv=1" 
[2025-05-17T02:09:52+08:00] 206 "/chfs/shared/FILES/E-sysTemp/body/black-island/siCherry-371/siCherry-371-s1.mp3?v=1&vvv=1" 
[2025-05-17T02:09:53+08:00] 206 "/chfs/shared/FILES/E-sysTemp/body/black-island/siCherry-371/siCherry-371-s1.mp3?v=1&vvv=1" 
[2025-05-17T02:09:54+08:00] 206 "/chfs/shared/FILES/E-sysTemp/body/black-island/siCherry-371/siCherry-371-s1.mp3?v=1&vvv=1" 
[2025-05-17T02:09:55+08:00] 206 "/chfs/shared/FILES/E-sysTemp/body/black-island/siCherry-371/siCherry-371-s1.mp3?v=1&vvv=1" 
[2025-05-17T02:09:57+08:00] 206 "/chfs/shared/FILES/E-sysTemp/body/black-island/siCherry-371/siCherry-371-s1.mp3?v=1&vvv=1" 
[2025-05-18T02:21:25+08:00] 200 "/chfs/shared/FILES/E-sysTemp/body/HD/kiwCherry-562/kiwCherry-562.mp3?v=1&vvv=1" 
[2025-05-18T02:21:26+08:00] 206 "/chfs/shared/FILES/E-sysTemp/body/HD/kiwCherry-562/kiwCherry-562.mp3?v=1&vvv=1" 
[2025-05-18T02:21:27+08:00] 206 "/chfs/shared/FILES/E-sysTemp/body/HD/kiwCherry-562/kiwCherry-562.mp3?v=1&vvv=1" 
[2025-05-18T02:21:28+08:00] 206 "/chfs/shared/FILES/E-sysTemp/body/HD/kiwCherry-562/kiwCherry-562.mp3?v=1&vvv=1" 
[2025-05-18T02:21:31+08:00] 206 "/chfs/shared/FILES/E-sysTemp/body/HD/kiwCherry-562/kiwCherry-562.mp3?v=1&vvv=1" 
[2025-05-18T02:21:35+08:00] 206 "/chfs/shared/FILES/E-sysTemp/body/HD/kiwCherry-562/kiwCherry-562.mp3?v=1&vvv=1" 
[2025-05-19T03:42:45+08:00] 200 "/chfs/shared/FILES/F-sysTemp/Virtualv/wf/qb/apache-bridge-mdCherry-312/mdCherry-312-s1.mp3?v=1&vvv=1" 
[2025-05-19T03:42:45+08:00] 206 "/chfs/shared/FILES/F-sysTemp/Virtualv/wf/qb/apache-bridge-mdCherry-312/mdCherry-312-s1.mp3?v=1&vvv=1" 
[2025-05-19T03:42:46+08:00] 206 "/chfs/shared/FILES/F-sysTemp/Virtualv/wf/qb/apache-bridge-mdCherry-312/mdCherry-312-s1.mp3?v=1&vvv=1" 
[2025-05-19T03:42:47+08:00] 206 "/chfs/shared/FILES/F-sysTemp/Virtualv/wf/qb/apache-bridge-mdCherry-312/mdCherry-312-s1.mp3?v=1&vvv=1" 
[2025-05-19T03:42:48+08:00] 206 "/chfs/shared/FILES/F-sysTemp/Virtualv/wf/qb/apache-bridge-mdCherry-312/mdCherry-312-s1.mp3?v=1&vvv=1" 
[2025-05-19T03:42:50+08:00] 206 "/chfs/shared/FILES/F-sysTemp/Virtualv/wf/qb/apache-bridge-mdCherry-312/mdCherry-312-s1.mp3?v=1&vvv=1" 
[2025-05-19T04:19:27+08:00] 200 "/chfs/shared/FILES/E-sysTemp/Cow/dreamMilk/siCherry-268/siCherry-268-s2.mp3?v=1&vvv=1" 
[2025-05-19T04:19:29+08:00] 206 "/chfs/shared/FILES/E-sysTemp/Cow/dreamMilk/siCherry-268/siCherry-268-s2.mp3?v=1&vvv=1" 
[2025-05-19T04:19:32+08:00] 206 "/chfs/shared/FILES/E-sysTemp/Cow/dreamMilk/siCherry-268/siCherry-268-s2.mp3?v=1&vvv=1" 
[2025-05-19T04:19:34+08:00] 206 "/chfs/shared/FILES/E-sysTemp/Cow/dreamMilk/siCherry-268/siCherry-268-s2.mp3?v=1&vvv=1" 
[2025-05-21T02:28:46+08:00] 200 "/chfs/shared/FILES/E-sysTemp/body/teach/apache-v3-vrprd-071/vrprd-071.mp3?v=1&vvv=1" 
[2025-05-21T02:28:46+08:00] 206 "/chfs/shared/FILES/E-sysTemp/body/teach/apache-v3-vrprd-071/vrprd-071.mp3?v=1&vvv=1" 
[2025-05-21T02:28:47+08:00] 206 "/chfs/shared/FILES/E-sysTemp/body/teach/apache-v3-vrprd-071/vrprd-071.mp3?v=1&vvv=1" 
[2025-05-21T02:28:47+08:00] 206 "/chfs/shared/FILES/E-sysTemp/body/teach/apache-v3-vrprd-071/vrprd-071.mp3?v=1&vvv=1" 
[2025-05-21T02:28:51+08:00] 206 "/chfs/shared/FILES/E-sysTemp/body/teach/apache-v3-vrprd-071/vrprd-071.mp3?v=1&vvv=1" 
[2025-05-21T02:28:53+08:00] 206 "/chfs/shared/FILES/E-sysTemp/body/teach/apache-v3-vrprd-071/vrprd-071.mp3?v=1&vvv=1" 
[2025-05-28T01:28:37+08:00] 200 "/chfs/shared/FILES/E-sysTemp/body/fen/ipCherry-273/ipCherry-273-s2.mp3?v=1&vvv=1" 
[2025-05-28T01:28:37+08:00] 206 "/chfs/shared/FILES/E-sysTemp/body/fen/ipCherry-273/ipCherry-273-s2.mp3?v=1&vvv=1" 
[2025-05-28T01:28:37+08:00] 206 "/chfs/shared/FILES/E-sysTemp/body/fen/ipCherry-273/ipCherry-273-s2.mp3?v=1&vvv=1" 
[2025-05-28T01:28:39+08:00] 206 "/chfs/shared/FILES/E-sysTemp/body/fen/ipCherry-273/ipCherry-273-s2.mp3?v=1&vvv=1" 
[2025-05-28T01:28:40+08:00] 206 "/chfs/shared/FILES/E-sysTemp/body/fen/ipCherry-273/ipCherry-273-s2.mp3?v=1&vvv=1" 
[2025-05-28T01:28:45+08:00] 206 "/chfs/shared/FILES/E-sysTemp/body/fen/ipCherry-273/ipCherry-273-s2.mp3?v=1&vvv=1" 
[2025-05-29T01:30:46+08:00] 200 "/chfs/shared/FILES/E-sysTemp/body/teach/apache-v3-SACherry-386/SACherry-386.mp3?v=1&vvv=1" 
[2025-05-29T01:30:46+08:00] 206 "/chfs/shared/FILES/E-sysTemp/body/teach/apache-v3-SACherry-386/SACherry-386.mp3?v=1&vvv=1" 
[2025-05-29T01:30:46+08:00] 206 "/chfs/shared/FILES/E-sysTemp/body/teach/apache-v3-SACherry-386/SACherry-386.mp3?v=1&vvv=1" 
[2025-05-29T01:30:47+08:00] 206 "/chfs/shared/FILES/E-sysTemp/body/teach/apache-v3-SACherry-386/SACherry-386.mp3?v=1&vvv=1" 
[2025-05-29T01:30:48+08:00] 206 "/chfs/shared/FILES/E-sysTemp/body/teach/apache-v3-SACherry-386/SACherry-386.mp3?v=1&vvv=1" 
[2025-05-29T01:30:48+08:00] 206 "/chfs/shared/FILES/E-sysTemp/body/teach/apache-v3-SACherry-386/SACherry-386.mp3?v=1&vvv=1" 
[2025-05-29T01:30:50+08:00] 206 "/chfs/shared/FILES/E-sysTemp/body/teach/apache-v3-SACherry-386/SACherry-386.mp3?v=1&vvv=1" 
[2025-05-29T01:30:53+08:00] 206 "/chfs/shared/FILES/E-sysTemp/body/teach/apache-v3-SACherry-386/SACherry-386.mp3?v=1&vvv=1" 
[2025-06-01T00:50:17+08:00] 200 "/chfs/shared/FILES/E-sysTemp/body/deepField/zinx-v3-HNCherry-032/HNCherry-032.mp3?v=1&vvv=1" 
[2025-06-01T00:50:17+08:00] 206 "/chfs/shared/FILES/E-sysTemp/body/deepField/zinx-v3-HNCherry-032/HNCherry-032.mp3?v=1&vvv=1" 
[2025-06-01T00:50:18+08:00] 206 "/chfs/shared/FILES/E-sysTemp/body/deepField/zinx-v3-HNCherry-032/HNCherry-032.mp3?v=1&vvv=1" 
[2025-06-01T00:50:19+08:00] 206 "/chfs/shared/FILES/E-sysTemp/body/deepField/zinx-v3-HNCherry-032/HNCherry-032.mp3?v=1&vvv=1" 
[2025-06-01T00:50:23+08:00] 206 "/chfs/shared/FILES/E-sysTemp/body/deepField/zinx-v3-HNCherry-032/HNCherry-032.mp3?v=1&vvv=1" 
[2025-06-01T00:50:25+08:00] 206 "/chfs/shared/FILES/E-sysTemp/body/deepField/zinx-v3-HNCherry-032/HNCherry-032.mp3?v=1&vvv=1" 
[2025-06-01T01:58:38+08:00] 200 "/chfs/shared/FILES/E-sysTemp/body/west-palace/saCherry-460/saCherry-460.mp3?v=1&vvv=1" 
[2025-06-01T01:58:39+08:00] 206 "/chfs/shared/FILES/E-sysTemp/body/west-palace/saCherry-460/saCherry-460.mp3?v=1&vvv=1" 
[2025-06-01T01:58:39+08:00] 206 "/chfs/shared/FILES/E-sysTemp/body/west-palace/saCherry-460/saCherry-460.mp3?v=1&vvv=1" 
[2025-06-01T01:58:40+08:00] 206 "/chfs/shared/FILES/E-sysTemp/body/west-palace/saCherry-460/saCherry-460.mp3?v=1&vvv=1" 
[2025-06-01T01:58:40+08:00] 206 "/chfs/shared/FILES/E-sysTemp/body/west-palace/saCherry-460/saCherry-460.mp3?v=1&vvv=1" 
[2025-06-01T01:58:42+08:00] 206 "/chfs/shared/FILES/E-sysTemp/body/west-palace/saCherry-460/saCherry-460.mp3?v=1&vvv=1" 
[2025-06-01T01:58:46+08:00] 206 "/chfs/shared/FILES/E-sysTemp/body/west-palace/saCherry-460/saCherry-460.mp3?v=1&vvv=1" 
[2025-06-02T02:51:10+08:00] 200 "/chfs/shared/FILES/E-sysTemp/Cow/sea-sister/mdCherry-142/mdCherry-142.mp3?v=1&vvv=1" 
[2025-06-02T02:51:10+08:00] 206 "/chfs/shared/FILES/E-sysTemp/Cow/sea-sister/mdCherry-142/mdCherry-142.mp3?v=1&vvv=1" 
[2025-06-02T02:51:10+08:00] 206 "/chfs/shared/FILES/E-sysTemp/Cow/sea-sister/mdCherry-142/mdCherry-142.mp3?v=1&vvv=1" 
[2025-06-02T02:51:12+08:00] 206 "/chfs/shared/FILES/E-sysTemp/Cow/sea-sister/mdCherry-142/mdCherry-142.mp3?v=1&vvv=1" 
[2025-06-02T02:51:13+08:00] 206 "/chfs/shared/FILES/E-sysTemp/Cow/sea-sister/mdCherry-142/mdCherry-142.mp3?v=1&vvv=1" 
[2025-06-02T02:51:16+08:00] 206 "/chfs/shared/FILES/E-sysTemp/Cow/sea-sister/mdCherry-142/mdCherry-142.mp3?v=1&vvv=1" 
[2025-06-02T02:51:23+08:00] 206 "/chfs/shared/FILES/E-sysTemp/Cow/sea-sister/mdCherry-142/mdCherry-142.mp3?v=1&vvv=1" 
[2025-06-03T06:16:39+08:00] 200 "/chfs/shared/FILES/E-sysTemp/body/three-field/siCherry-314/siCherry-314-s2.mp3?v=1&vvv=1" 
[2025-06-03T06:16:41+08:00] 206 "/chfs/shared/FILES/E-sysTemp/body/three-field/siCherry-314/siCherry-314-s2.mp3?v=1&vvv=1" 
[2025-06-03T06:16:42+08:00] 206 "/chfs/shared/FILES/E-sysTemp/body/three-field/siCherry-314/siCherry-314-s2.mp3?v=1&vvv=1" 
[2025-06-03T06:16:43+08:00] 206 "/chfs/shared/FILES/E-sysTemp/body/three-field/siCherry-314/siCherry-314-s2.mp3?v=1&vvv=1" 
[2025-06-03T06:16:46+08:00] 206 "/chfs/shared/FILES/E-sysTemp/body/three-field/siCherry-314/siCherry-314-s2.mp3?v=1&vvv=1" 
[2025-06-04T02:51:17+08:00] 200 "/chfs/shared/FILES/E-sysTemp/Cow/threeup/SICherry-137/SICherry-137.mp3?v=1&vvv=1" 
[2025-06-04T02:51:17+08:00] 206 "/chfs/shared/FILES/E-sysTemp/Cow/threeup/SICherry-137/SICherry-137.mp3?v=1&vvv=1" 
[2025-06-04T02:51:17+08:00] 206 "/chfs/shared/FILES/E-sysTemp/Cow/threeup/SICherry-137/SICherry-137.mp3?v=1&vvv=1" 
[2025-06-04T02:51:18+08:00] 206 "/chfs/shared/FILES/E-sysTemp/Cow/threeup/SICherry-137/SICherry-137.mp3?v=1&vvv=1" 
[2025-06-04T02:51:20+08:00] 206 "/chfs/shared/FILES/E-sysTemp/Cow/threeup/SICherry-137/SICherry-137.mp3?v=1&vvv=1" 
[2025-06-04T02:51:21+08:00] 206 "/chfs/shared/FILES/E-sysTemp/Cow/threeup/SICherry-137/SICherry-137.mp3?v=1&vvv=1" 
[2025-06-04T02:51:24+08:00] 206 "/chfs/shared/FILES/E-sysTemp/Cow/threeup/SICherry-137/SICherry-137.mp3?v=1&vvv=1" 
[2025-06-06T02:10:56+08:00] 200 "/chfs/shared/FILES/E-sysTemp/body/HD/cjCherry-030/cjCherry-030-persist.mp3?v=1&vvv=1" 
[2025-06-06T02:10:56+08:00] 206 "/chfs/shared/FILES/E-sysTemp/body/HD/cjCherry-030/cjCherry-030-persist.mp3?v=1&vvv=1" 
[2025-06-06T02:10:56+08:00] 206 "/chfs/shared/FILES/E-sysTemp/body/HD/cjCherry-030/cjCherry-030-persist.mp3?v=1&vvv=1" 
[2025-06-06T02:10:57+08:00] 206 "/chfs/shared/FILES/E-sysTemp/body/HD/cjCherry-030/cjCherry-030-persist.mp3?v=1&vvv=1" 
[2025-06-06T02:10:59+08:00] 206 "/chfs/shared/FILES/E-sysTemp/body/HD/cjCherry-030/cjCherry-030-persist.mp3?v=1&vvv=1" 
[2025-06-06T02:11:01+08:00] 206 "/chfs/shared/FILES/E-sysTemp/body/HD/cjCherry-030/cjCherry-030-persist.mp3?v=1&vvv=1" 
[2025-06-06T02:11:03+08:00] 206 "/chfs/shared/FILES/E-sysTemp/body/HD/cjCherry-030/cjCherry-030-persist.mp3?v=1&vvv=1" 
[2025-06-08T04:06:24+08:00] 200 "/chfs/shared/FILES/E-sysTemp/body/cute/localtown-love/siCherry-292/siCherry-292.mp3?v=1&vvv=1" 
[2025-06-08T04:06:24+08:00] 206 "/chfs/shared/FILES/E-sysTemp/body/cute/localtown-love/siCherry-292/siCherry-292.mp3?v=1&vvv=1" 
[2025-06-08T04:06:25+08:00] 206 "/chfs/shared/FILES/E-sysTemp/body/cute/localtown-love/siCherry-292/siCherry-292.mp3?v=1&vvv=1" 
[2025-06-08T04:06:26+08:00] 206 "/chfs/shared/FILES/E-sysTemp/body/cute/localtown-love/siCherry-292/siCherry-292.mp3?v=1&vvv=1" 
[2025-06-08T04:06:29+08:00] 206 "/chfs/shared/FILES/E-sysTemp/body/cute/localtown-love/siCherry-292/siCherry-292.mp3?v=1&vvv=1" 
[2025-06-08T04:06:33+08:00] 206 "/chfs/shared/FILES/E-sysTemp/body/cute/localtown-love/siCherry-292/siCherry-292.mp3?v=1&vvv=1" 
[2025-06-09T01:17:46+08:00] 200 "/chfs/shared/FILES/E-sysTemp/Cow/teeth/kiwCherry-620/KIWCherry-620.mp3?v=1&vvv=1" 
[2025-06-09T01:17:46+08:00] 206 "/chfs/shared/FILES/E-sysTemp/Cow/teeth/kiwCherry-620/KIWCherry-620.mp3?v=1&vvv=1" 
[2025-06-09T01:17:47+08:00] 206 "/chfs/shared/FILES/E-sysTemp/Cow/teeth/kiwCherry-620/KIWCherry-620.mp3?v=1&vvv=1" 
[2025-06-09T01:17:48+08:00] 206 "/chfs/shared/FILES/E-sysTemp/Cow/teeth/kiwCherry-620/KIWCherry-620.mp3?v=1&vvv=1" 
[2025-06-09T01:17:49+08:00] 206 "/chfs/shared/FILES/E-sysTemp/Cow/teeth/kiwCherry-620/KIWCherry-620.mp3?v=1&vvv=1" 
[2025-06-09T01:17:54+08:00] 206 "/chfs/shared/FILES/E-sysTemp/Cow/teeth/kiwCherry-620/KIWCherry-620.mp3?v=1&vvv=1" 
[2025-06-10T02:40:03+08:00] 200 "/chfs/shared/FILES/E-sysTemp/body/panelRoad/siCherry-214/siCherry-214-s1.mp3?v=1&vvv=1" 
[2025-06-10T02:40:03+08:00] 206 "/chfs/shared/FILES/E-sysTemp/body/panelRoad/siCherry-214/siCherry-214-s1.mp3?v=1&vvv=1" 
[2025-06-10T02:40:03+08:00] 206 "/chfs/shared/FILES/E-sysTemp/body/panelRoad/siCherry-214/siCherry-214-s1.mp3?v=1&vvv=1" 
[2025-06-10T02:40:05+08:00] 206 "/chfs/shared/FILES/E-sysTemp/body/panelRoad/siCherry-214/siCherry-214-s1.mp3?v=1&vvv=1" 
[2025-06-10T02:40:08+08:00] 206 "/chfs/shared/FILES/E-sysTemp/body/panelRoad/siCherry-214/siCherry-214-s1.mp3?v=1&vvv=1" 
[2025-06-10T02:40:11+08:00] 206 "/chfs/shared/FILES/E-sysTemp/body/panelRoad/siCherry-214/siCherry-214-s1.mp3?v=1&vvv=1" 
[2025-06-10T02:40:13+08:00] 206 "/chfs/shared/FILES/E-sysTemp/body/panelRoad/siCherry-214/siCherry-214-s1.mp3?v=1&vvv=1" 
[2025-06-10T05:45:03+08:00] 200 "/chfs/shared/FILES/E-sysTemp/Cow/dreamMilk/siCherry-294/siCherry-294-S2.mp3?v=1&vvv=1" 
[2025-06-10T05:45:03+08:00] 206 "/chfs/shared/FILES/E-sysTemp/Cow/dreamMilk/siCherry-294/siCherry-294-S2.mp3?v=1&vvv=1" 
[2025-06-10T05:45:04+08:00] 206 "/chfs/shared/FILES/E-sysTemp/Cow/dreamMilk/siCherry-294/siCherry-294-S2.mp3?v=1&vvv=1" 
[2025-06-10T05:45:05+08:00] 206 "/chfs/shared/FILES/E-sysTemp/Cow/dreamMilk/siCherry-294/siCherry-294-S2.mp3?v=1&vvv=1" 
[2025-06-10T05:45:06+08:00] 206 "/chfs/shared/FILES/E-sysTemp/Cow/dreamMilk/siCherry-294/siCherry-294-S2.mp3?v=1&vvv=1" 
[2025-06-10T05:45:08+08:00] 206 "/chfs/shared/FILES/E-sysTemp/Cow/dreamMilk/siCherry-294/siCherry-294-S2.mp3?v=1&vvv=1" 
[2025-06-12T04:33:34+08:00] 200 "/chfs/shared/FILES/E-sysTemp/body/northFlower/apache-flower-v3-siCherry-326/siCherry-326-s1.mp3?v=1&vvv=1" 
[2025-06-12T04:33:34+08:00] 206 "/chfs/shared/FILES/E-sysTemp/body/northFlower/apache-flower-v3-siCherry-326/siCherry-326-s1.mp3?v=1&vvv=1" 
[2025-06-12T04:33:35+08:00] 206 "/chfs/shared/FILES/E-sysTemp/body/northFlower/apache-flower-v3-siCherry-326/siCherry-326-s1.mp3?v=1&vvv=1" 
[2025-06-12T04:33:36+08:00] 206 "/chfs/shared/FILES/E-sysTemp/body/northFlower/apache-flower-v3-siCherry-326/siCherry-326-s1.mp3?v=1&vvv=1" 
[2025-06-12T04:33:39+08:00] 206 "/chfs/shared/FILES/E-sysTemp/body/northFlower/apache-flower-v3-siCherry-326/siCherry-326-s1.mp3?v=1&vvv=1" 
[2025-06-12T04:33:41+08:00] 206 "/chfs/shared/FILES/E-sysTemp/body/northFlower/apache-flower-v3-siCherry-326/siCherry-326-s1.mp3?v=1&vvv=1" 
[2025-06-12T04:33:43+08:00] 206 "/chfs/shared/FILES/E-sysTemp/body/northFlower/apache-flower-v3-siCherry-326/siCherry-326-s1.mp3?v=1&vvv=1" 
[2025-06-14T02:32:02+08:00] 200 "/chfs/shared/FILES/E-sysTemp/Cow/orange/kaCherry-344/kaCherry-344-s2.mp3?v=1&vvv=1" 
[2025-06-14T02:32:02+08:00] 206 "/chfs/shared/FILES/E-sysTemp/Cow/orange/kaCherry-344/kaCherry-344-s2.mp3?v=1&vvv=1" 
[2025-06-14T02:32:03+08:00] 206 "/chfs/shared/FILES/E-sysTemp/Cow/orange/kaCherry-344/kaCherry-344-s2.mp3?v=1&vvv=1" 
[2025-06-14T02:32:04+08:00] 206 "/chfs/shared/FILES/E-sysTemp/Cow/orange/kaCherry-344/kaCherry-344-s2.mp3?v=1&vvv=1" 
[2025-06-14T02:32:05+08:00] 206 "/chfs/shared/FILES/E-sysTemp/Cow/orange/kaCherry-344/kaCherry-344-s2.mp3?v=1&vvv=1" 
[2025-06-14T02:32:05+08:00] 206 "/chfs/shared/FILES/E-sysTemp/Cow/orange/kaCherry-344/kaCherry-344-s2.mp3?v=1&vvv=1" 
[2025-06-14T02:32:08+08:00] 206 "/chfs/shared/FILES/E-sysTemp/Cow/orange/kaCherry-344/kaCherry-344-s2.mp3?v=1&vvv=1" 
[2025-06-14T02:32:13+08:00] 206 "/chfs/shared/FILES/E-sysTemp/Cow/orange/kaCherry-344/kaCherry-344-s2.mp3?v=1&vvv=1" 
[2025-06-16T02:38:59+08:00] 200 "/chfs/shared/FILES/E-sysTemp/body/deepField/zinx-v3-KACherry-043/KACherry-043.mp3?v=1&vvv=1" 
[2025-06-16T02:38:59+08:00] 206 "/chfs/shared/FILES/E-sysTemp/body/deepField/zinx-v3-KACherry-043/KACherry-043.mp3?v=1&vvv=1" 
[2025-06-16T02:39:00+08:00] 206 "/chfs/shared/FILES/E-sysTemp/body/deepField/zinx-v3-KACherry-043/KACherry-043.mp3?v=1&vvv=1" 
[2025-06-16T02:39:00+08:00] 206 "/chfs/shared/FILES/E-sysTemp/body/deepField/zinx-v3-KACherry-043/KACherry-043.mp3?v=1&vvv=1" 
[2025-06-16T02:39:02+08:00] 206 "/chfs/shared/FILES/E-sysTemp/body/deepField/zinx-v3-KACherry-043/KACherry-043.mp3?v=1&vvv=1" 
[2025-06-16T02:39:05+08:00] 206 "/chfs/shared/FILES/E-sysTemp/body/deepField/zinx-v3-KACherry-043/KACherry-043.mp3?v=1&vvv=1" 
[2025-06-18T04:09:20+08:00] 200 "/chfs/shared/FILES/E-sysTemp/body/fen/IPCherry-050/IPCherry-050.mp3?v=1&vvv=1" 
[2025-06-18T04:09:20+08:00] 206 "/chfs/shared/FILES/E-sysTemp/body/fen/IPCherry-050/IPCherry-050.mp3?v=1&vvv=1" 
[2025-06-18T04:09:20+08:00] 206 "/chfs/shared/FILES/E-sysTemp/body/fen/IPCherry-050/IPCherry-050.mp3?v=1&vvv=1" 
[2025-06-18T04:09:21+08:00] 206 "/chfs/shared/FILES/E-sysTemp/body/fen/IPCherry-050/IPCherry-050.mp3?v=1&vvv=1" 
[2025-06-18T04:09:22+08:00] 206 "/chfs/shared/FILES/E-sysTemp/body/fen/IPCherry-050/IPCherry-050.mp3?v=1&vvv=1" 
[2025-06-18T04:09:25+08:00] 206 "/chfs/shared/FILES/E-sysTemp/body/fen/IPCherry-050/IPCherry-050.mp3?v=1&vvv=1" 
[2025-06-18T04:09:28+08:00] 206 "/chfs/shared/FILES/E-sysTemp/body/fen/IPCherry-050/IPCherry-050.mp3?v=1&vvv=1" 
[2025-06-19T06:03:15+08:00] 200 "/chfs/shared/FILES/E-sysTemp/body/cute/HFL-newWell/apache-spring-v3-saCherry-471/saCherry-471.mp3?v=1&vvv=1" 
[2025-06-19T06:03:15+08:00] 206 "/chfs/shared/FILES/E-sysTemp/body/cute/HFL-newWell/apache-spring-v3-saCherry-471/saCherry-471.mp3?v=1&vvv=1" 
[2025-06-19T06:03:15+08:00] 206 "/chfs/shared/FILES/E-sysTemp/body/cute/HFL-newWell/apache-spring-v3-saCherry-471/saCherry-471.mp3?v=1&vvv=1" 
[2025-06-19T06:03:17+08:00] 206 "/chfs/shared/FILES/E-sysTemp/body/cute/HFL-newWell/apache-spring-v3-saCherry-471/saCherry-471.mp3?v=1&vvv=1" 
[2025-06-19T06:03:19+08:00] 206 "/chfs/shared/FILES/E-sysTemp/body/cute/HFL-newWell/apache-spring-v3-saCherry-471/saCherry-471.mp3?v=1&vvv=1" 
[2025-06-19T06:03:22+08:00] 206 "/chfs/shared/FILES/E-sysTemp/body/cute/HFL-newWell/apache-spring-v3-saCherry-471/saCherry-471.mp3?v=1&vvv=1" 
[2025-06-20T03:40:05+08:00] 200 "/chfs/shared/FILES/E-sysTemp/body/wm/kiwCherry-621/kiwCherry-621.mp3?v=1&vvv=1" 
[2025-06-20T03:40:05+08:00] 206 "/chfs/shared/FILES/E-sysTemp/body/wm/kiwCherry-621/kiwCherry-621.mp3?v=1&vvv=1" 
[2025-06-20T03:40:05+08:00] 206 "/chfs/shared/FILES/E-sysTemp/body/wm/kiwCherry-621/kiwCherry-621.mp3?v=1&vvv=1" 
[2025-06-20T03:40:06+08:00] 206 "/chfs/shared/FILES/E-sysTemp/body/wm/kiwCherry-621/kiwCherry-621.mp3?v=1&vvv=1" 
[2025-06-20T03:40:10+08:00] 206 "/chfs/shared/FILES/E-sysTemp/body/wm/kiwCherry-621/kiwCherry-621.mp3?v=1&vvv=1" 
[2025-06-20T03:40:12+08:00] 206 "/chfs/shared/FILES/E-sysTemp/body/wm/kiwCherry-621/kiwCherry-621.mp3?v=1&vvv=1" 
[2025-06-21T04:01:12+08:00] 200 "/chfs/shared/FILES/E-sysTemp/Cow/threeup/siCherry-067/siCherry-067.mp3?v=1&vvv=1" 
[2025-06-21T04:01:13+08:00] 206 "/chfs/shared/FILES/E-sysTemp/Cow/threeup/siCherry-067/siCherry-067.mp3?v=1&vvv=1" 
[2025-06-21T04:01:13+08:00] 206 "/chfs/shared/FILES/E-sysTemp/Cow/threeup/siCherry-067/siCherry-067.mp3?v=1&vvv=1" 
[2025-06-21T04:01:14+08:00] 206 "/chfs/shared/FILES/E-sysTemp/Cow/threeup/siCherry-067/siCherry-067.mp3?v=1&vvv=1" 
[2025-06-21T04:01:17+08:00] 206 "/chfs/shared/FILES/E-sysTemp/Cow/threeup/siCherry-067/siCherry-067.mp3?v=1&vvv=1" 
[2025-06-21T04:01:20+08:00] 206 "/chfs/shared/FILES/E-sysTemp/Cow/threeup/siCherry-067/siCherry-067.mp3?v=1&vvv=1" 
[2025-06-23T02:29:53+08:00] 200 "/chfs/shared/FILES/E-sysTemp/body/teach/apache-v3-TASK-1010/TASK-1010.mp3?v=1&vvv=1" 
[2025-06-23T02:29:53+08:00] 206 "/chfs/shared/FILES/E-sysTemp/body/teach/apache-v3-TASK-1010/TASK-1010.mp3?v=1&vvv=1" 
[2025-06-23T02:29:54+08:00] 206 "/chfs/shared/FILES/E-sysTemp/body/teach/apache-v3-TASK-1010/TASK-1010.mp3?v=1&vvv=1" 
[2025-06-23T02:29:55+08:00] 206 "/chfs/shared/FILES/E-sysTemp/body/teach/apache-v3-TASK-1010/TASK-1010.mp3?v=1&vvv=1" 
[2025-06-23T02:29:58+08:00] 206 "/chfs/shared/FILES/E-sysTemp/body/teach/apache-v3-TASK-1010/TASK-1010.mp3?v=1&vvv=1" 
[2025-06-23T02:30:01+08:00] 206 "/chfs/shared/FILES/E-sysTemp/body/teach/apache-v3-TASK-1010/TASK-1010.mp3?v=1&vvv=1" 
[2025-06-27T01:27:40+08:00] 200 "/chfs/shared/FILES/F-sysTemp/Virtualv/peach/sample-427zero/sample-427zero.mp3?v=1&vvv=1" 
[2025-06-27T01:27:40+08:00] 206 "/chfs/shared/FILES/F-sysTemp/Virtualv/peach/sample-427zero/sample-427zero.mp3?v=1&vvv=1" 
[2025-06-27T01:27:41+08:00] 206 "/chfs/shared/FILES/F-sysTemp/Virtualv/peach/sample-427zero/sample-427zero.mp3?v=1&vvv=1" 
[2025-06-27T01:27:42+08:00] 206 "/chfs/shared/FILES/F-sysTemp/Virtualv/peach/sample-427zero/sample-427zero.mp3?v=1&vvv=1" 
[2025-06-27T01:27:45+08:00] 206 "/chfs/shared/FILES/F-sysTemp/Virtualv/peach/sample-427zero/sample-427zero.mp3?v=1&vvv=1" 
[2025-06-27T01:27:48+08:00] 206 "/chfs/shared/FILES/F-sysTemp/Virtualv/peach/sample-427zero/sample-427zero.mp3?v=1&vvv=1" 
[2025-06-30T01:37:49+08:00] 200 "/chfs/shared/FILES/E-sysTemp/Cow/townup/siCherry-407/siCherry-407-s2.mp3?v=1&vvv=1" 
[2025-06-30T01:37:51+08:00] 206 "/chfs/shared/FILES/E-sysTemp/Cow/townup/siCherry-407/siCherry-407-s2.mp3?v=1&vvv=1" 
[2025-06-30T01:37:55+08:00] 206 "/chfs/shared/FILES/E-sysTemp/Cow/townup/siCherry-407/siCherry-407-s2.mp3?v=1&vvv=1" 
[2025-06-30T01:37:57+08:00] 206 "/chfs/shared/FILES/E-sysTemp/Cow/townup/siCherry-407/siCherry-407-s2.mp3?v=1&vvv=1" 
[2025-07-02T03:57:48+08:00] 200 "/chfs/shared/FILES/E-sysTemp/body/west-palace/netSP-285/netsp-285.mp3?v=1&vvv=1" 
[2025-07-02T03:57:49+08:00] 206 "/chfs/shared/FILES/E-sysTemp/body/west-palace/netSP-285/netsp-285.mp3?v=1&vvv=1" 
[2025-07-02T03:57:49+08:00] 206 "/chfs/shared/FILES/E-sysTemp/body/west-palace/netSP-285/netsp-285.mp3?v=1&vvv=1" 
[2025-07-02T03:57:50+08:00] 206 "/chfs/shared/FILES/E-sysTemp/body/west-palace/netSP-285/netsp-285.mp3?v=1&vvv=1" 
[2025-07-02T03:57:52+08:00] 206 "/chfs/shared/FILES/E-sysTemp/body/west-palace/netSP-285/netsp-285.mp3?v=1&vvv=1" 
[2025-07-02T03:57:54+08:00] 206 "/chfs/shared/FILES/E-sysTemp/body/west-palace/netSP-285/netsp-285.mp3?v=1&vvv=1" 
[2025-07-02T03:57:57+08:00] 206 "/chfs/shared/FILES/E-sysTemp/body/west-palace/netSP-285/netsp-285.mp3?v=1&vvv=1" 
[2025-07-05T02:18:49+08:00] 200 "/chfs/shared/FILES/E-sysTemp/body/three-field/siCherry-390/siCherry-390-s2.mp3?v=1&vvv=1" 
[2025-07-05T02:18:50+08:00] 206 "/chfs/shared/FILES/E-sysTemp/body/three-field/siCherry-390/siCherry-390-s2.mp3?v=1&vvv=1" 
[2025-07-05T02:18:53+08:00] 206 "/chfs/shared/FILES/E-sysTemp/body/three-field/siCherry-390/siCherry-390-s2.mp3?v=1&vvv=1" 
[2025-07-05T02:18:56+08:00] 206 "/chfs/shared/FILES/E-sysTemp/body/three-field/siCherry-390/siCherry-390-s2.mp3?v=1&vvv=1" 
[2025-07-07T02:07:52+08:00] 200 "/chfs/shared/FILES/E-sysTemp/body/cute/beauty-org-clothes/dsCherry-1446/dsCherry-1446.mp3?v=1&vvv=1" 
[2025-07-07T02:07:52+08:00] 206 "/chfs/shared/FILES/E-sysTemp/body/cute/beauty-org-clothes/dsCherry-1446/dsCherry-1446.mp3?v=1&vvv=1" 
[2025-07-07T02:07:52+08:00] 206 "/chfs/shared/FILES/E-sysTemp/body/cute/beauty-org-clothes/dsCherry-1446/dsCherry-1446.mp3?v=1&vvv=1" 
[2025-07-07T02:07:53+08:00] 206 "/chfs/shared/FILES/E-sysTemp/body/cute/beauty-org-clothes/dsCherry-1446/dsCherry-1446.mp3?v=1&vvv=1" 
[2025-07-07T02:07:54+08:00] 206 "/chfs/shared/FILES/E-sysTemp/body/cute/beauty-org-clothes/dsCherry-1446/dsCherry-1446.mp3?v=1&vvv=1" 
[2025-07-07T02:07:56+08:00] 206 "/chfs/shared/FILES/E-sysTemp/body/cute/beauty-org-clothes/dsCherry-1446/dsCherry-1446.mp3?v=1&vvv=1" 
[2025-07-10T03:04:16+08:00] 200 "/chfs/shared/FILES/F-sysTemp/Virtualv/wf/qb/apache-bridge-SICherry-033/SICherry-033.mp3?v=1&vvv=1" 
[2025-07-10T03:04:16+08:00] 206 "/chfs/shared/FILES/F-sysTemp/Virtualv/wf/qb/apache-bridge-SICherry-033/SICherry-033.mp3?v=1&vvv=1" 
[2025-07-10T03:04:16+08:00] 206 "/chfs/shared/FILES/F-sysTemp/Virtualv/wf/qb/apache-bridge-SICherry-033/SICherry-033.mp3?v=1&vvv=1" 
[2025-07-10T03:04:18+08:00] 206 "/chfs/shared/FILES/F-sysTemp/Virtualv/wf/qb/apache-bridge-SICherry-033/SICherry-033.mp3?v=1&vvv=1" 
[2025-07-10T03:04:18+08:00] 206 "/chfs/shared/FILES/F-sysTemp/Virtualv/wf/qb/apache-bridge-SICherry-033/SICherry-033.mp3?v=1&vvv=1" 
[2025-07-10T03:04:25+08:00] 206 "/chfs/shared/FILES/F-sysTemp/Virtualv/wf/qb/apache-bridge-SICherry-033/SICherry-033.mp3?v=1&vvv=1" 
[2025-07-10T03:04:29+08:00] 206 "/chfs/shared/FILES/F-sysTemp/Virtualv/wf/qb/apache-bridge-SICherry-033/SICherry-033.mp3?v=1&vvv=1" 
[2025-07-11T03:37:30+08:00] 200 "/chfs/shared/FILES/E-sysTemp/body/panelRoad/siCherry-040/SICherry-040.mp3?v=1&vvv=1" 
[2025-07-11T03:37:30+08:00] 206 "/chfs/shared/FILES/E-sysTemp/body/panelRoad/siCherry-040/SICherry-040.mp3?v=1&vvv=1" 
[2025-07-11T03:37:30+08:00] 206 "/chfs/shared/FILES/E-sysTemp/body/panelRoad/siCherry-040/SICherry-040.mp3?v=1&vvv=1" 
[2025-07-11T03:37:31+08:00] 206 "/chfs/shared/FILES/E-sysTemp/body/panelRoad/siCherry-040/SICherry-040.mp3?v=1&vvv=1" 
[2025-07-11T03:37:35+08:00] 206 "/chfs/shared/FILES/E-sysTemp/body/panelRoad/siCherry-040/SICherry-040.mp3?v=1&vvv=1" 
[2025-07-11T03:37:35+08:00] 206 "/chfs/shared/FILES/E-sysTemp/body/panelRoad/siCherry-040/SICherry-040.mp3?v=1&vvv=1" 
[2025-07-12T03:43:00+08:00] 200 "/chfs/shared/FILES/E-sysTemp/body/snow/kaCherry-428/kaCherry-428-s2.mp3?v=1&vvv=1" 
[2025-07-12T03:43:02+08:00] 206 "/chfs/shared/FILES/E-sysTemp/body/snow/kaCherry-428/kaCherry-428-s2.mp3?v=1&vvv=1" 
[2025-07-12T03:43:03+08:00] 206 "/chfs/shared/FILES/E-sysTemp/body/snow/kaCherry-428/kaCherry-428-s2.mp3?v=1&vvv=1" 
[2025-07-12T03:43:05+08:00] 206 "/chfs/shared/FILES/E-sysTemp/body/snow/kaCherry-428/kaCherry-428-s2.mp3?v=1&vvv=1" 
[2025-07-14T02:49:41+08:00] 200 "/chfs/shared/FILES/E-sysTemp/Cow/river-west/siCherry-297//siCherry-297-s1.mp3?v=1&vvv=1" 
[2025-07-14T02:49:41+08:00] 206 "/chfs/shared/FILES/E-sysTemp/Cow/river-west/siCherry-297//siCherry-297-s1.mp3?v=1&vvv=1" 
[2025-07-14T02:49:42+08:00] 206 "/chfs/shared/FILES/E-sysTemp/Cow/river-west/siCherry-297//siCherry-297-s1.mp3?v=1&vvv=1" 
[2025-07-14T02:49:43+08:00] 206 "/chfs/shared/FILES/E-sysTemp/Cow/river-west/siCherry-297//siCherry-297-s1.mp3?v=1&vvv=1" 
[2025-07-14T02:49:43+08:00] 206 "/chfs/shared/FILES/E-sysTemp/Cow/river-west/siCherry-297//siCherry-297-s1.mp3?v=1&vvv=1" 
[2025-07-14T02:49:48+08:00] 206 "/chfs/shared/FILES/E-sysTemp/Cow/river-west/siCherry-297//siCherry-297-s1.mp3?v=1&vvv=1" 
[2025-07-17T02:05:17+08:00] 200 "/chfs/shared/FILES/E-sysTemp/Cow/teeth/time-589/time-589.mp3?v=1&vvv=1" 
[2025-07-17T02:05:17+08:00] 206 "/chfs/shared/FILES/E-sysTemp/Cow/teeth/time-589/time-589.mp3?v=1&vvv=1" 
[2025-07-17T02:05:17+08:00] 206 "/chfs/shared/FILES/E-sysTemp/Cow/teeth/time-589/time-589.mp3?v=1&vvv=1" 
[2025-07-17T02:05:19+08:00] 206 "/chfs/shared/FILES/E-sysTemp/Cow/teeth/time-589/time-589.mp3?v=1&vvv=1" 
[2025-07-17T02:05:21+08:00] 206 "/chfs/shared/FILES/E-sysTemp/Cow/teeth/time-589/time-589.mp3?v=1&vvv=1" 
[2025-07-17T02:05:24+08:00] 206 "/chfs/shared/FILES/E-sysTemp/Cow/teeth/time-589/time-589.mp3?v=1&vvv=1" 
[2025-07-18T02:27:26+08:00] 200 "/chfs/shared/FILES/E-sysTemp/body/stone-river/mdCherry-353/mdCherry-353-s1.mp3?v=1&vvv=1" 
[2025-07-18T02:27:28+08:00] 206 "/chfs/shared/FILES/E-sysTemp/body/stone-river/mdCherry-353/mdCherry-353-s1.mp3?v=1&vvv=1" 
[2025-07-18T02:27:32+08:00] 206 "/chfs/shared/FILES/E-sysTemp/body/stone-river/mdCherry-353/mdCherry-353-s1.mp3?v=1&vvv=1" 
[2025-07-18T02:27:34+08:00] 206 "/chfs/shared/FILES/E-sysTemp/body/stone-river/mdCherry-353/mdCherry-353-s1.mp3?v=1&vvv=1" 
[2025-07-19T02:52:03+08:00] 200 "/chfs/shared/FILES/E-sysTemp/body/cute/beauty-org-clothes/TASK-1414/TASK-1414.mp3?v=1&vvv=1" 
[2025-07-19T02:52:03+08:00] 206 "/chfs/shared/FILES/E-sysTemp/body/cute/beauty-org-clothes/TASK-1414/TASK-1414.mp3?v=1&vvv=1" 
[2025-07-19T02:52:04+08:00] 206 "/chfs/shared/FILES/E-sysTemp/body/cute/beauty-org-clothes/TASK-1414/TASK-1414.mp3?v=1&vvv=1" 
[2025-07-19T02:52:05+08:00] 206 "/chfs/shared/FILES/E-sysTemp/body/cute/beauty-org-clothes/TASK-1414/TASK-1414.mp3?v=1&vvv=1" 
[2025-07-19T02:52:06+08:00] 206 "/chfs/shared/FILES/E-sysTemp/body/cute/beauty-org-clothes/TASK-1414/TASK-1414.mp3?v=1&vvv=1" 
[2025-07-19T02:52:08+08:00] 206 "/chfs/shared/FILES/E-sysTemp/body/cute/beauty-org-clothes/TASK-1414/TASK-1414.mp3?v=1&vvv=1" 
[2025-07-21T02:18:54+08:00] 200 "/chfs/shared/FILES/E-sysTemp/Cow/dreamMilk/SICherry-082/SICherry-082-S2.mp3?v=1&vvv=1" 
[2025-07-21T02:18:54+08:00] 206 "/chfs/shared/FILES/E-sysTemp/Cow/dreamMilk/SICherry-082/SICherry-082-S2.mp3?v=1&vvv=1" 
[2025-07-21T02:18:54+08:00] 206 "/chfs/shared/FILES/E-sysTemp/Cow/dreamMilk/SICherry-082/SICherry-082-S2.mp3?v=1&vvv=1" 
[2025-07-21T02:18:54+08:00] 206 "/chfs/shared/FILES/E-sysTemp/Cow/dreamMilk/SICherry-082/SICherry-082-S2.mp3?v=1&vvv=1" 
[2025-07-21T02:18:55+08:00] 206 "/chfs/shared/FILES/E-sysTemp/Cow/dreamMilk/SICherry-082/SICherry-082-S2.mp3?v=1&vvv=1" 
[2025-07-21T02:18:59+08:00] 206 "/chfs/shared/FILES/E-sysTemp/Cow/dreamMilk/SICherry-082/SICherry-082-S2.mp3?v=1&vvv=1" 
[2025-07-21T02:19:03+08:00] 206 "/chfs/shared/FILES/E-sysTemp/Cow/dreamMilk/SICherry-082/SICherry-082-S2.mp3?v=1&vvv=1" 
[2025-07-24T02:29:41+08:00] 200 "/chfs/shared/FILES/E-sysTemp/Cow/water/mdCherry-287/mdCherry-287.mp3?v=1&vvv=1" 
[2025-07-24T02:29:41+08:00] 206 "/chfs/shared/FILES/E-sysTemp/Cow/water/mdCherry-287/mdCherry-287.mp3?v=1&vvv=1" 
[2025-07-24T02:29:42+08:00] 206 "/chfs/shared/FILES/E-sysTemp/Cow/water/mdCherry-287/mdCherry-287.mp3?v=1&vvv=1" 
[2025-07-24T02:29:43+08:00] 206 "/chfs/shared/FILES/E-sysTemp/Cow/water/mdCherry-287/mdCherry-287.mp3?v=1&vvv=1" 
[2025-07-24T02:29:46+08:00] 206 "/chfs/shared/FILES/E-sysTemp/Cow/water/mdCherry-287/mdCherry-287.mp3?v=1&vvv=1" 
[2025-07-24T02:29:48+08:00] 206 "/chfs/shared/FILES/E-sysTemp/Cow/water/mdCherry-287/mdCherry-287.mp3?v=1&vvv=1" 
[2025-07-25T01:32:24+08:00] 200 "/chfs/shared/FILES/E-sysTemp/body/cute/morning/hunCherry-121/hunCherry-121-city.mp3?v=1&vvv=1" 
[2025-07-25T01:32:24+08:00] 206 "/chfs/shared/FILES/E-sysTemp/body/cute/morning/hunCherry-121/hunCherry-121-city.mp3?v=1&vvv=1" 
[2025-07-25T01:32:25+08:00] 206 "/chfs/shared/FILES/E-sysTemp/body/cute/morning/hunCherry-121/hunCherry-121-city.mp3?v=1&vvv=1" 
[2025-07-25T01:32:27+08:00] 206 "/chfs/shared/FILES/E-sysTemp/body/cute/morning/hunCherry-121/hunCherry-121-city.mp3?v=1&vvv=1" 
[2025-07-25T01:32:28+08:00] 206 "/chfs/shared/FILES/E-sysTemp/body/cute/morning/hunCherry-121/hunCherry-121-city.mp3?v=1&vvv=1" 
[2025-07-25T01:32:33+08:00] 206 "/chfs/shared/FILES/E-sysTemp/body/cute/morning/hunCherry-121/hunCherry-121-city.mp3?v=1&vvv=1" 
[2025-07-26T03:26:43+08:00] 200 "/chfs/shared/FILES/E-sysTemp/Cow/unpai/siCherry-257/siCherry-257.mp3?v=1&vvv=1" 
[2025-07-26T03:26:43+08:00] 206 "/chfs/shared/FILES/E-sysTemp/Cow/unpai/siCherry-257/siCherry-257.mp3?v=1&vvv=1" 
[2025-07-26T03:26:44+08:00] 206 "/chfs/shared/FILES/E-sysTemp/Cow/unpai/siCherry-257/siCherry-257.mp3?v=1&vvv=1" 
[2025-07-26T03:26:45+08:00] 206 "/chfs/shared/FILES/E-sysTemp/Cow/unpai/siCherry-257/siCherry-257.mp3?v=1&vvv=1" 
[2025-07-26T03:26:45+08:00] 206 "/chfs/shared/FILES/E-sysTemp/Cow/unpai/siCherry-257/siCherry-257.mp3?v=1&vvv=1" 
[2025-07-26T03:26:46+08:00] 206 "/chfs/shared/FILES/E-sysTemp/Cow/unpai/siCherry-257/siCherry-257.mp3?v=1&vvv=1" 
[2025-07-26T03:26:48+08:00] 206 "/chfs/shared/FILES/E-sysTemp/Cow/unpai/siCherry-257/siCherry-257.mp3?v=1&vvv=1" 
[2025-07-27T02:42:18+08:00] 200 "/chfs/shared/FILES/E-sysTemp/Cow/tissue/apache-tissue-v3-netsp-208/netsp-208.mp3?v=1&vvv=1" 
[2025-07-27T02:42:18+08:00] 206 "/chfs/shared/FILES/E-sysTemp/Cow/tissue/apache-tissue-v3-netsp-208/netsp-208.mp3?v=1&vvv=1" 
[2025-07-27T02:42:19+08:00] 206 "/chfs/shared/FILES/E-sysTemp/Cow/tissue/apache-tissue-v3-netsp-208/netsp-208.mp3?v=1&vvv=1" 
[2025-07-27T02:42:20+08:00] 206 "/chfs/shared/FILES/E-sysTemp/Cow/tissue/apache-tissue-v3-netsp-208/netsp-208.mp3?v=1&vvv=1" 
[2025-07-27T02:42:24+08:00] 206 "/chfs/shared/FILES/E-sysTemp/Cow/tissue/apache-tissue-v3-netsp-208/netsp-208.mp3?v=1&vvv=1" 
[2025-07-27T02:42:26+08:00] 206 "/chfs/shared/FILES/E-sysTemp/Cow/tissue/apache-tissue-v3-netsp-208/netsp-208.mp3?v=1&vvv=1" 
[2025-07-28T01:47:51+08:00] 200 "/chfs/shared/FILES/E-sysTemp/Cow/long-bin/IPCherry-321/IPCherry-321.mp3?v=1&vvv=1" 
[2025-07-28T01:47:51+08:00] 206 "/chfs/shared/FILES/E-sysTemp/Cow/long-bin/IPCherry-321/IPCherry-321.mp3?v=1&vvv=1" 
[2025-07-28T01:47:52+08:00] 206 "/chfs/shared/FILES/E-sysTemp/Cow/long-bin/IPCherry-321/IPCherry-321.mp3?v=1&vvv=1" 
[2025-07-28T01:47:53+08:00] 206 "/chfs/shared/FILES/E-sysTemp/Cow/long-bin/IPCherry-321/IPCherry-321.mp3?v=1&vvv=1" 
[2025-07-28T01:47:56+08:00] 206 "/chfs/shared/FILES/E-sysTemp/Cow/long-bin/IPCherry-321/IPCherry-321.mp3?v=1&vvv=1" 
[2025-07-28T01:47:56+08:00] 206 "/chfs/shared/FILES/E-sysTemp/Cow/long-bin/IPCherry-321/IPCherry-321.mp3?v=1&vvv=1" 
[2025-07-28T01:47:59+08:00] 206 "/chfs/shared/FILES/E-sysTemp/Cow/long-bin/IPCherry-321/IPCherry-321.mp3?v=1&vvv=1" 
[2025-07-30T03:56:59+08:00] 200 "/chfs/shared/FILES/E-sysTemp/body/west-palace/TASK-1342/TASK-1342.mp3?v=1&vvv=1" 
[2025-07-30T03:56:59+08:00] 206 "/chfs/shared/FILES/E-sysTemp/body/west-palace/TASK-1342/TASK-1342.mp3?v=1&vvv=1" 
[2025-07-30T03:57:00+08:00] 206 "/chfs/shared/FILES/E-sysTemp/body/west-palace/TASK-1342/TASK-1342.mp3?v=1&vvv=1" 
[2025-07-30T03:57:01+08:00] 206 "/chfs/shared/FILES/E-sysTemp/body/west-palace/TASK-1342/TASK-1342.mp3?v=1&vvv=1" 
[2025-07-30T03:57:02+08:00] 206 "/chfs/shared/FILES/E-sysTemp/body/west-palace/TASK-1342/TASK-1342.mp3?v=1&vvv=1" 
[2025-07-30T03:57:02+08:00] 206 "/chfs/shared/FILES/E-sysTemp/body/west-palace/TASK-1342/TASK-1342.mp3?v=1&vvv=1" 
[2025-07-30T03:57:05+08:00] 206 "/chfs/shared/FILES/E-sysTemp/body/west-palace/TASK-1342/TASK-1342.mp3?v=1&vvv=1" 
[2025-07-30T03:57:07+08:00] 206 "/chfs/shared/FILES/E-sysTemp/body/west-palace/TASK-1342/TASK-1342.mp3?v=1&vvv=1" 
[2025-07-30T03:57:17+08:00] 206 "/chfs/shared/FILES/E-sysTemp/body/west-palace/TASK-1342/TASK-1342.mp3?v=1&vvv=1" 
[2025-08-02T02:18:25+08:00] 200 "/chfs/shared/FILES/E-sysTemp/Cow/dreamMilk/siCherry-250/siCherry-250-s1.mp3?v=1&vvv=1" 
[2025-08-02T02:18:25+08:00] 403 "/chfs/shared/FILES/E-sysTemp/Cow/dreamMilk/siCherry-250/siCherry-250-s1.mp3?v=1&vvv=1" 
[2025-08-02T02:18:31+08:00] 200 "/chfs/shared/FILES/E-sysTemp/Cow/dreamMilk/siCherry-250/siCherry-250-s1.mp3?v=1&vvv=1" 
[2025-08-02T02:18:31+08:00] 206 "/chfs/shared/FILES/E-sysTemp/Cow/dreamMilk/siCherry-250/siCherry-250-s1.mp3?v=1&vvv=1" 
[2025-08-02T02:18:31+08:00] 206 "/chfs/shared/FILES/E-sysTemp/Cow/dreamMilk/siCherry-250/siCherry-250-s1.mp3?v=1&vvv=1" 
[2025-08-02T02:18:36+08:00] 206 "/chfs/shared/FILES/E-sysTemp/Cow/dreamMilk/siCherry-250/siCherry-250-s1.mp3?v=1&vvv=1" 
[2025-08-02T02:18:37+08:00] 206 "/chfs/shared/FILES/E-sysTemp/Cow/dreamMilk/siCherry-250/siCherry-250-s1.mp3?v=1&vvv=1" 
[2025-08-02T02:18:37+08:00] 206 "/chfs/shared/FILES/E-sysTemp/Cow/dreamMilk/siCherry-250/siCherry-250-s1.mp3?v=1&vvv=1" 
[2025-08-02T02:18:38+08:00] 206 "/chfs/shared/FILES/E-sysTemp/Cow/dreamMilk/siCherry-250/siCherry-250-s1.mp3?v=1&vvv=1" 
[2025-08-11T02:22:52+08:00] 200 "/chfs/shared/FILES/E-sysTemp/body/G.E.M/apache-GEM-v3-saCherry-337/saCherry-337.mp3?v=1&vvv=1" 
[2025-08-11T02:22:53+08:00] 206 "/chfs/shared/FILES/E-sysTemp/body/G.E.M/apache-GEM-v3-saCherry-337/saCherry-337.mp3?v=1&vvv=1" 
[2025-08-11T02:22:53+08:00] 206 "/chfs/shared/FILES/E-sysTemp/body/G.E.M/apache-GEM-v3-saCherry-337/saCherry-337.mp3?v=1&vvv=1" 
[2025-08-11T02:22:54+08:00] 206 "/chfs/shared/FILES/E-sysTemp/body/G.E.M/apache-GEM-v3-saCherry-337/saCherry-337.mp3?v=1&vvv=1" 
[2025-08-11T02:22:58+08:00] 206 "/chfs/shared/FILES/E-sysTemp/body/G.E.M/apache-GEM-v3-saCherry-337/saCherry-337.mp3?v=1&vvv=1" 
[2025-08-11T02:23:02+08:00] 206 "/chfs/shared/FILES/E-sysTemp/body/G.E.M/apache-GEM-v3-saCherry-337/saCherry-337.mp3?v=1&vvv=1" 
[2025-08-13T02:28:27+08:00] 200 "/chfs/shared/FILES/E-sysTemp/body/black-island/siCherry-371/siCherry-371-s2.mp3?v=1&vvv=1" 
[2025-08-13T02:28:27+08:00] 206 "/chfs/shared/FILES/E-sysTemp/body/black-island/siCherry-371/siCherry-371-s2.mp3?v=1&vvv=1" 
[2025-08-13T02:28:27+08:00] 206 "/chfs/shared/FILES/E-sysTemp/body/black-island/siCherry-371/siCherry-371-s2.mp3?v=1&vvv=1" 
[2025-08-13T02:28:27+08:00] 206 "/chfs/shared/FILES/E-sysTemp/body/black-island/siCherry-371/siCherry-371-s2.mp3?v=1&vvv=1" 
[2025-08-13T02:28:29+08:00] 206 "/chfs/shared/FILES/E-sysTemp/body/black-island/siCherry-371/siCherry-371-s2.mp3?v=1&vvv=1" 
[2025-08-13T02:28:30+08:00] 206 "/chfs/shared/FILES/E-sysTemp/body/black-island/siCherry-371/siCherry-371-s2.mp3?v=1&vvv=1" 
[2025-08-13T02:28:30+08:00] 206 "/chfs/shared/FILES/E-sysTemp/body/black-island/siCherry-371/siCherry-371-s2.mp3?v=1&vvv=1" 
[2025-08-13T02:28:32+08:00] 206 "/chfs/shared/FILES/E-sysTemp/body/black-island/siCherry-371/siCherry-371-s2.mp3?v=1&vvv=1" 
[2025-08-13T02:53:21+08:00] 200 "/chfs/shared/FILES/E-sysTemp/Cow/dreamMilk/SICherry-093//SICherry-093-S2.mp3?v=1&vvv=1" 
[2025-08-13T02:53:21+08:00] 206 "/chfs/shared/FILES/E-sysTemp/Cow/dreamMilk/SICherry-093//SICherry-093-S2.mp3?v=1&vvv=1" 
[2025-08-13T02:53:21+08:00] 206 "/chfs/shared/FILES/E-sysTemp/Cow/dreamMilk/SICherry-093//SICherry-093-S2.mp3?v=1&vvv=1" 
[2025-08-13T02:53:21+08:00] 206 "/chfs/shared/FILES/E-sysTemp/Cow/dreamMilk/SICherry-093//SICherry-093-S2.mp3?v=1&vvv=1" 
[2025-08-13T02:53:22+08:00] 206 "/chfs/shared/FILES/E-sysTemp/Cow/dreamMilk/SICherry-093//SICherry-093-S2.mp3?v=1&vvv=1" 
[2025-08-13T02:53:23+08:00] 206 "/chfs/shared/FILES/E-sysTemp/Cow/dreamMilk/SICherry-093//SICherry-093-S2.mp3?v=1&vvv=1" 
[2025-08-13T02:53:26+08:00] 206 "/chfs/shared/FILES/E-sysTemp/Cow/dreamMilk/SICherry-093//SICherry-093-S2.mp3?v=1&vvv=1" 
[2025-08-16T03:43:56+08:00] 200 "/chfs/shared/FILES/E-sysTemp/Cow/tissue/apache-tissue-v3-TASK-979/TASK-979.mp3?v=1&vvv=1" 
[2025-08-16T03:43:56+08:00] 206 "/chfs/shared/FILES/E-sysTemp/Cow/tissue/apache-tissue-v3-TASK-979/TASK-979.mp3?v=1&vvv=1" 
[2025-08-16T03:43:57+08:00] 206 "/chfs/shared/FILES/E-sysTemp/Cow/tissue/apache-tissue-v3-TASK-979/TASK-979.mp3?v=1&vvv=1" 
[2025-08-16T03:43:58+08:00] 206 "/chfs/shared/FILES/E-sysTemp/Cow/tissue/apache-tissue-v3-TASK-979/TASK-979.mp3?v=1&vvv=1" 
[2025-08-16T03:43:59+08:00] 206 "/chfs/shared/FILES/E-sysTemp/Cow/tissue/apache-tissue-v3-TASK-979/TASK-979.mp3?v=1&vvv=1" 
[2025-08-16T03:44:02+08:00] 206 "/chfs/shared/FILES/E-sysTemp/Cow/tissue/apache-tissue-v3-TASK-979/TASK-979.mp3?v=1&vvv=1" 
[2025-08-18T01:30:03+08:00] 200 "/chfs/shared/FILES/E-sysTemp/Cow/lotus-leaf/apache-v3-saCherry-389/saCherry-389.mp3?v=1&vvv=1" 
[2025-08-18T01:30:03+08:00] 206 "/chfs/shared/FILES/E-sysTemp/Cow/lotus-leaf/apache-v3-saCherry-389/saCherry-389.mp3?v=1&vvv=1" 
[2025-08-18T01:30:04+08:00] 206 "/chfs/shared/FILES/E-sysTemp/Cow/lotus-leaf/apache-v3-saCherry-389/saCherry-389.mp3?v=1&vvv=1" 
[2025-08-18T01:30:04+08:00] 206 "/chfs/shared/FILES/E-sysTemp/Cow/lotus-leaf/apache-v3-saCherry-389/saCherry-389.mp3?v=1&vvv=1" 
[2025-08-18T01:30:08+08:00] 206 "/chfs/shared/FILES/E-sysTemp/Cow/lotus-leaf/apache-v3-saCherry-389/saCherry-389.mp3?v=1&vvv=1" 
[2025-08-18T01:30:11+08:00] 206 "/chfs/shared/FILES/E-sysTemp/Cow/lotus-leaf/apache-v3-saCherry-389/saCherry-389.mp3?v=1&vvv=1" 
[2025-08-21T01:20:00+08:00] 200 "/chfs/shared/FILES/E-sysTemp/Cow/god-wood/dsCherry-1321/dsCherry-1321.mp3?v=1&vvv=1" 
[2025-08-21T01:20:00+08:00] 206 "/chfs/shared/FILES/E-sysTemp/Cow/god-wood/dsCherry-1321/dsCherry-1321.mp3?v=1&vvv=1" 
[2025-08-21T01:20:00+08:00] 206 "/chfs/shared/FILES/E-sysTemp/Cow/god-wood/dsCherry-1321/dsCherry-1321.mp3?v=1&vvv=1" 
[2025-08-21T01:20:01+08:00] 206 "/chfs/shared/FILES/E-sysTemp/Cow/god-wood/dsCherry-1321/dsCherry-1321.mp3?v=1&vvv=1" 
[2025-08-21T01:20:02+08:00] 206 "/chfs/shared/FILES/E-sysTemp/Cow/god-wood/dsCherry-1321/dsCherry-1321.mp3?v=1&vvv=1" 
[2025-08-21T01:20:04+08:00] 206 "/chfs/shared/FILES/E-sysTemp/Cow/god-wood/dsCherry-1321/dsCherry-1321.mp3?v=1&vvv=1" 
[2025-08-21T01:20:11+08:00] 206 "/chfs/shared/FILES/E-sysTemp/Cow/god-wood/dsCherry-1321/dsCherry-1321.mp3?v=1&vvv=1" 
[2025-08-22T02:20:22+08:00] 200 "/chfs/shared/FILES/E-sysTemp/body/snow/kaCherry-403/kaCherry-403-s1.mp3?v=1&vvv=1" 
[2025-08-22T02:20:23+08:00] 206 "/chfs/shared/FILES/E-sysTemp/body/snow/kaCherry-403/kaCherry-403-s1.mp3?v=1&vvv=1" 
[2025-08-22T02:20:24+08:00] 206 "/chfs/shared/FILES/E-sysTemp/body/snow/kaCherry-403/kaCherry-403-s1.mp3?v=1&vvv=1" 
[2025-08-22T02:20:26+08:00] 206 "/chfs/shared/FILES/E-sysTemp/body/snow/kaCherry-403/kaCherry-403-s1.mp3?v=1&vvv=1" 
[2025-08-23T02:10:02+08:00] 200 "/chfs/shared/FILES/E-sysTemp/Cow/LHP/juCherry-237/juCherry-237-s2.mp3?v=1&vvv=1" 
[2025-08-23T02:10:02+08:00] 206 "/chfs/shared/FILES/E-sysTemp/Cow/LHP/juCherry-237/juCherry-237-s2.mp3?v=1&vvv=1" 
[2025-08-23T02:10:03+08:00] 206 "/chfs/shared/FILES/E-sysTemp/Cow/LHP/juCherry-237/juCherry-237-s2.mp3?v=1&vvv=1" 
[2025-08-23T02:10:03+08:00] 206 "/chfs/shared/FILES/E-sysTemp/Cow/LHP/juCherry-237/juCherry-237-s2.mp3?v=1&vvv=1" 
[2025-08-23T02:10:06+08:00] 206 "/chfs/shared/FILES/E-sysTemp/Cow/LHP/juCherry-237/juCherry-237-s2.mp3?v=1&vvv=1" 
[2025-08-23T02:10:09+08:00] 206 "/chfs/shared/FILES/E-sysTemp/Cow/LHP/juCherry-237/juCherry-237-s2.mp3?v=1&vvv=1" 
[2025-08-24T02:39:14+08:00] 200 "/chfs/shared/FILES/F-sysTemp/Virtualv/wf/qb/apache-bridge-mdCherry-312/mdCherry-312-s1.mp3?v=1&vvv=1" 
[2025-08-24T02:39:14+08:00] 206 "/chfs/shared/FILES/F-sysTemp/Virtualv/wf/qb/apache-bridge-mdCherry-312/mdCherry-312-s1.mp3?v=1&vvv=1" 
[2025-08-24T02:39:15+08:00] 206 "/chfs/shared/FILES/F-sysTemp/Virtualv/wf/qb/apache-bridge-mdCherry-312/mdCherry-312-s1.mp3?v=1&vvv=1" 
[2025-08-24T02:39:16+08:00] 206 "/chfs/shared/FILES/F-sysTemp/Virtualv/wf/qb/apache-bridge-mdCherry-312/mdCherry-312-s1.mp3?v=1&vvv=1" 
[2025-08-24T02:39:17+08:00] 206 "/chfs/shared/FILES/F-sysTemp/Virtualv/wf/qb/apache-bridge-mdCherry-312/mdCherry-312-s1.mp3?v=1&vvv=1" 
[2025-08-24T02:39:18+08:00] 206 "/chfs/shared/FILES/F-sysTemp/Virtualv/wf/qb/apache-bridge-mdCherry-312/mdCherry-312-s1.mp3?v=1&vvv=1" 
[2025-08-27T03:31:43+08:00] 200 "/chfs/shared/FILES/E-sysTemp/body/northFlower/apache-flower-v3-siCherry-394/siCherry-394-s1.mp3?v=1&vvv=1" 
[2025-08-27T03:31:43+08:00] 206 "/chfs/shared/FILES/E-sysTemp/body/northFlower/apache-flower-v3-siCherry-394/siCherry-394-s1.mp3?v=1&vvv=1" 
[2025-08-27T03:31:44+08:00] 206 "/chfs/shared/FILES/E-sysTemp/body/northFlower/apache-flower-v3-siCherry-394/siCherry-394-s1.mp3?v=1&vvv=1" 
[2025-08-27T03:31:44+08:00] 206 "/chfs/shared/FILES/E-sysTemp/body/northFlower/apache-flower-v3-siCherry-394/siCherry-394-s1.mp3?v=1&vvv=1" 
[2025-08-27T03:31:47+08:00] 206 "/chfs/shared/FILES/E-sysTemp/body/northFlower/apache-flower-v3-siCherry-394/siCherry-394-s1.mp3?v=1&vvv=1" 
[2025-08-27T03:31:51+08:00] 206 "/chfs/shared/FILES/E-sysTemp/body/northFlower/apache-flower-v3-siCherry-394/siCherry-394-s1.mp3?v=1&vvv=1" 
[2025-08-28T02:11:21+08:00] 200 "/chfs/shared/FILES/E-sysTemp/body/snow/kaCherry-306/kaCherry-306-s1.mp3?v=1&vvv=1" 
[2025-08-28T02:11:21+08:00] 206 "/chfs/shared/FILES/E-sysTemp/body/snow/kaCherry-306/kaCherry-306-s1.mp3?v=1&vvv=1" 
[2025-08-28T02:11:22+08:00] 206 "/chfs/shared/FILES/E-sysTemp/body/snow/kaCherry-306/kaCherry-306-s1.mp3?v=1&vvv=1" 
[2025-08-28T02:11:23+08:00] 206 "/chfs/shared/FILES/E-sysTemp/body/snow/kaCherry-306/kaCherry-306-s1.mp3?v=1&vvv=1" 
[2025-08-28T02:11:26+08:00] 206 "/chfs/shared/FILES/E-sysTemp/body/snow/kaCherry-306/kaCherry-306-s1.mp3?v=1&vvv=1" 
[2025-08-28T02:11:28+08:00] 206 "/chfs/shared/FILES/E-sysTemp/body/snow/kaCherry-306/kaCherry-306-s1.mp3?v=1&vvv=1" 
[2025-09-01T01:16:43+08:00] 200 "/chfs/shared/FILES/E-sysTemp/body/snow/kaCherry-440/kaCherry-440-s1.mp3?v=1&vvv=1" 
[2025-09-01T01:16:43+08:00] 206 "/chfs/shared/FILES/E-sysTemp/body/snow/kaCherry-440/kaCherry-440-s1.mp3?v=1&vvv=1" 
[2025-09-01T01:16:44+08:00] 206 "/chfs/shared/FILES/E-sysTemp/body/snow/kaCherry-440/kaCherry-440-s1.mp3?v=1&vvv=1" 
[2025-09-01T01:16:45+08:00] 206 "/chfs/shared/FILES/E-sysTemp/body/snow/kaCherry-440/kaCherry-440-s1.mp3?v=1&vvv=1" 
[2025-09-01T01:16:46+08:00] 206 "/chfs/shared/FILES/E-sysTemp/body/snow/kaCherry-440/kaCherry-440-s1.mp3?v=1&vvv=1" 
[2025-09-01T01:16:49+08:00] 206 "/chfs/shared/FILES/E-sysTemp/body/snow/kaCherry-440/kaCherry-440-s1.mp3?v=1&vvv=1" 
[2025-09-02T01:37:43+08:00] 200 "/chfs/shared/FILES/E-sysTemp/body/cute/HFL-newWell/apache-spring-v3-dsCherry-1500/dsCherry-1500-s2.mp3?v=1&vvv=1" 
[2025-09-02T01:37:43+08:00] 206 "/chfs/shared/FILES/E-sysTemp/body/cute/HFL-newWell/apache-spring-v3-dsCherry-1500/dsCherry-1500-s2.mp3?v=1&vvv=1" 
[2025-09-02T01:37:43+08:00] 206 "/chfs/shared/FILES/E-sysTemp/body/cute/HFL-newWell/apache-spring-v3-dsCherry-1500/dsCherry-1500-s2.mp3?v=1&vvv=1" 
[2025-09-02T01:37:43+08:00] 206 "/chfs/shared/FILES/E-sysTemp/body/cute/HFL-newWell/apache-spring-v3-dsCherry-1500/dsCherry-1500-s2.mp3?v=1&vvv=1" 
[2025-09-02T01:37:44+08:00] 206 "/chfs/shared/FILES/E-sysTemp/body/cute/HFL-newWell/apache-spring-v3-dsCherry-1500/dsCherry-1500-s2.mp3?v=1&vvv=1" 
[2025-09-02T01:37:46+08:00] 206 "/chfs/shared/FILES/E-sysTemp/body/cute/HFL-newWell/apache-spring-v3-dsCherry-1500/dsCherry-1500-s2.mp3?v=1&vvv=1" 
[2025-09-02T01:37:48+08:00] 206 "/chfs/shared/FILES/E-sysTemp/body/cute/HFL-newWell/apache-spring-v3-dsCherry-1500/dsCherry-1500-s2.mp3?v=1&vvv=1" 
[2025-09-03T03:18:54+08:00] 200 "/chfs/shared/FILES/E-sysTemp/Cow/long-bin/ipCherry-303/ipCherry-303-s1.mp3?v=1&vvv=1" 
[2025-09-03T03:18:54+08:00] 206 "/chfs/shared/FILES/E-sysTemp/Cow/long-bin/ipCherry-303/ipCherry-303-s1.mp3?v=1&vvv=1" 
[2025-09-03T03:18:54+08:00] 206 "/chfs/shared/FILES/E-sysTemp/Cow/long-bin/ipCherry-303/ipCherry-303-s1.mp3?v=1&vvv=1" 
[2025-09-03T03:18:54+08:00] 206 "/chfs/shared/FILES/E-sysTemp/Cow/long-bin/ipCherry-303/ipCherry-303-s1.mp3?v=1&vvv=1" 
[2025-09-03T03:19:00+08:00] 206 "/chfs/shared/FILES/E-sysTemp/Cow/long-bin/ipCherry-303/ipCherry-303-s1.mp3?v=1&vvv=1" 
[2025-09-03T03:19:05+08:00] 206 "/chfs/shared/FILES/E-sysTemp/Cow/long-bin/ipCherry-303/ipCherry-303-s1.mp3?v=1&vvv=1" 
[2025-09-03T03:19:09+08:00] 206 "/chfs/shared/FILES/E-sysTemp/Cow/long-bin/ipCherry-303/ipCherry-303-s1.mp3?v=1&vvv=1" 
[2025-09-03T03:41:29+08:00] 200 "/chfs/shared/FILES/E-sysTemp/Cow/pine-pear/crCherry-332/CRCherry-332.mp3?v=1&vvv=1" 
[2025-09-03T03:41:29+08:00] 206 "/chfs/shared/FILES/E-sysTemp/Cow/pine-pear/crCherry-332/CRCherry-332.mp3?v=1&vvv=1" 
[2025-09-03T03:41:29+08:00] 206 "/chfs/shared/FILES/E-sysTemp/Cow/pine-pear/crCherry-332/CRCherry-332.mp3?v=1&vvv=1" 
[2025-09-03T03:41:30+08:00] 206 "/chfs/shared/FILES/E-sysTemp/Cow/pine-pear/crCherry-332/CRCherry-332.mp3?v=1&vvv=1" 
[2025-09-03T03:41:31+08:00] 206 "/chfs/shared/FILES/E-sysTemp/Cow/pine-pear/crCherry-332/CRCherry-332.mp3?v=1&vvv=1" 
[2025-09-03T03:41:33+08:00] 206 "/chfs/shared/FILES/E-sysTemp/Cow/pine-pear/crCherry-332/CRCherry-332.mp3?v=1&vvv=1" 
[2025-09-05T02:42:40+08:00] 200 "/chfs/shared/FILES/E-sysTemp/body/blue-teeth/TASK-1387/TASK-1387.mp3?v=1&vvv=1" 
[2025-09-05T02:42:40+08:00] 206 "/chfs/shared/FILES/E-sysTemp/body/blue-teeth/TASK-1387/TASK-1387.mp3?v=1&vvv=1" 
[2025-09-05T02:42:41+08:00] 206 "/chfs/shared/FILES/E-sysTemp/body/blue-teeth/TASK-1387/TASK-1387.mp3?v=1&vvv=1" 
[2025-09-05T02:42:42+08:00] 206 "/chfs/shared/FILES/E-sysTemp/body/blue-teeth/TASK-1387/TASK-1387.mp3?v=1&vvv=1" 
[2025-09-05T02:42:43+08:00] 206 "/chfs/shared/FILES/E-sysTemp/body/blue-teeth/TASK-1387/TASK-1387.mp3?v=1&vvv=1" 
[2025-09-05T02:42:43+08:00] 206 "/chfs/shared/FILES/E-sysTemp/body/blue-teeth/TASK-1387/TASK-1387.mp3?v=1&vvv=1" 
[2025-09-05T02:42:44+08:00] 206 "/chfs/shared/FILES/E-sysTemp/body/blue-teeth/TASK-1387/TASK-1387.mp3?v=1&vvv=1" 
[2025-09-05T02:42:46+08:00] 206 "/chfs/shared/FILES/E-sysTemp/body/blue-teeth/TASK-1387/TASK-1387.mp3?v=1&vvv=1" 
[2025-09-07T02:32:44+08:00] 200 "/chfs/shared/FILES/E-sysTemp/body/teach/apache-v3-kiwCherry-773/kiwCherry-773.mp3?v=1&vvv=1" 
[2025-09-07T02:32:44+08:00] 206 "/chfs/shared/FILES/E-sysTemp/body/teach/apache-v3-kiwCherry-773/kiwCherry-773.mp3?v=1&vvv=1" 
[2025-09-07T02:32:44+08:00] 206 "/chfs/shared/FILES/E-sysTemp/body/teach/apache-v3-kiwCherry-773/kiwCherry-773.mp3?v=1&vvv=1" 
[2025-09-07T02:32:45+08:00] 206 "/chfs/shared/FILES/E-sysTemp/body/teach/apache-v3-kiwCherry-773/kiwCherry-773.mp3?v=1&vvv=1" 
[2025-09-07T02:32:48+08:00] 206 "/chfs/shared/FILES/E-sysTemp/body/teach/apache-v3-kiwCherry-773/kiwCherry-773.mp3?v=1&vvv=1" 
[2025-09-07T02:32:50+08:00] 206 "/chfs/shared/FILES/E-sysTemp/body/teach/apache-v3-kiwCherry-773/kiwCherry-773.mp3?v=1&vvv=1" 
[2025-09-07T02:32:50+08:00] 206 "/chfs/shared/FILES/E-sysTemp/body/teach/apache-v3-kiwCherry-773/kiwCherry-773.mp3?v=1&vvv=1" 
[2025-09-07T02:32:52+08:00] 206 "/chfs/shared/FILES/E-sysTemp/body/teach/apache-v3-kiwCherry-773/kiwCherry-773.mp3?v=1&vvv=1" 
[2025-09-09T01:49:26+08:00] 200 "/chfs/shared/FILES/E-sysTemp/Cow/teeth/MDCherry-187/MDCherry-187.mp3?v=1&vvv=1" 
[2025-09-09T01:49:26+08:00] 206 "/chfs/shared/FILES/E-sysTemp/Cow/teeth/MDCherry-187/MDCherry-187.mp3?v=1&vvv=1" 
[2025-09-09T01:49:27+08:00] 206 "/chfs/shared/FILES/E-sysTemp/Cow/teeth/MDCherry-187/MDCherry-187.mp3?v=1&vvv=1" 
[2025-09-09T01:49:28+08:00] 206 "/chfs/shared/FILES/E-sysTemp/Cow/teeth/MDCherry-187/MDCherry-187.mp3?v=1&vvv=1" 
[2025-09-09T01:49:29+08:00] 206 "/chfs/shared/FILES/E-sysTemp/Cow/teeth/MDCherry-187/MDCherry-187.mp3?v=1&vvv=1" 
[2025-09-09T01:49:30+08:00] 206 "/chfs/shared/FILES/E-sysTemp/Cow/teeth/MDCherry-187/MDCherry-187.mp3?v=1&vvv=1" 
[2025-09-11T01:49:44+08:00] 200 "/chfs/shared/FILES/E-sysTemp/body/cute/HFL-newWell/apache-spring-v3-prCherry-063/prCherry-063-s1.mp3?v=1&vvv=1" 
[2025-09-11T01:49:44+08:00] 206 "/chfs/shared/FILES/E-sysTemp/body/cute/HFL-newWell/apache-spring-v3-prCherry-063/prCherry-063-s1.mp3?v=1&vvv=1" 
[2025-09-11T01:49:45+08:00] 206 "/chfs/shared/FILES/E-sysTemp/body/cute/HFL-newWell/apache-spring-v3-prCherry-063/prCherry-063-s1.mp3?v=1&vvv=1" 
[2025-09-11T01:49:46+08:00] 206 "/chfs/shared/FILES/E-sysTemp/body/cute/HFL-newWell/apache-spring-v3-prCherry-063/prCherry-063-s1.mp3?v=1&vvv=1" 
[2025-09-11T01:49:48+08:00] 206 "/chfs/shared/FILES/E-sysTemp/body/cute/HFL-newWell/apache-spring-v3-prCherry-063/prCherry-063-s1.mp3?v=1&vvv=1" 
[2025-09-11T01:49:52+08:00] 206 "/chfs/shared/FILES/E-sysTemp/body/cute/HFL-newWell/apache-spring-v3-prCherry-063/prCherry-063-s1.mp3?v=1&vvv=1" 
[2025-09-14T02:54:22+08:00] 200 "/chfs/shared/FILES/E-sysTemp/body/beauty-cloth/TASK-1600/TASK-1600.mp3?v=1&vvv=1" 
[2025-09-14T02:54:22+08:00] 206 "/chfs/shared/FILES/E-sysTemp/body/beauty-cloth/TASK-1600/TASK-1600.mp3?v=1&vvv=1" 
[2025-09-14T02:54:23+08:00] 206 "/chfs/shared/FILES/E-sysTemp/body/beauty-cloth/TASK-1600/TASK-1600.mp3?v=1&vvv=1" 
[2025-09-14T02:54:24+08:00] 206 "/chfs/shared/FILES/E-sysTemp/body/beauty-cloth/TASK-1600/TASK-1600.mp3?v=1&vvv=1" 
[2025-09-14T02:54:26+08:00] 206 "/chfs/shared/FILES/E-sysTemp/body/beauty-cloth/TASK-1600/TASK-1600.mp3?v=1&vvv=1" 
[2025-09-14T02:54:29+08:00] 206 "/chfs/shared/FILES/E-sysTemp/body/beauty-cloth/TASK-1600/TASK-1600.mp3?v=1&vvv=1" 
[2025-09-15T01:33:00+08:00] 200 "/chfs/shared/FILES/E-sysTemp/body/cute/localtown-love/fsvss-002/fsvss-002.mp3?v=1&vvv=1" 
[2025-09-15T01:33:00+08:00] 206 "/chfs/shared/FILES/E-sysTemp/body/cute/localtown-love/fsvss-002/fsvss-002.mp3?v=1&vvv=1" 
[2025-09-15T01:33:01+08:00] 206 "/chfs/shared/FILES/E-sysTemp/body/cute/localtown-love/fsvss-002/fsvss-002.mp3?v=1&vvv=1" 
[2025-09-15T01:33:02+08:00] 206 "/chfs/shared/FILES/E-sysTemp/body/cute/localtown-love/fsvss-002/fsvss-002.mp3?v=1&vvv=1" 
[2025-09-15T01:33:02+08:00] 206 "/chfs/shared/FILES/E-sysTemp/body/cute/localtown-love/fsvss-002/fsvss-002.mp3?v=1&vvv=1" 
[2025-09-15T01:33:03+08:00] 206 "/chfs/shared/FILES/E-sysTemp/body/cute/localtown-love/fsvss-002/fsvss-002.mp3?v=1&vvv=1" 
[2025-09-15T01:33:04+08:00] 206 "/chfs/shared/FILES/E-sysTemp/body/cute/localtown-love/fsvss-002/fsvss-002.mp3?v=1&vvv=1" 
[2025-09-19T01:21:40+08:00] 200 "/chfs/shared/FILES/E-sysTemp/body/deepField/zinx-v3-DSCherry-600/DSCherry-600.mp3?v=1&vvv=1" 
[2025-09-19T01:21:40+08:00] 206 "/chfs/shared/FILES/E-sysTemp/body/deepField/zinx-v3-DSCherry-600/DSCherry-600.mp3?v=1&vvv=1" 
[2025-09-19T01:21:41+08:00] 206 "/chfs/shared/FILES/E-sysTemp/body/deepField/zinx-v3-DSCherry-600/DSCherry-600.mp3?v=1&vvv=1" 
[2025-09-19T01:21:42+08:00] 206 "/chfs/shared/FILES/E-sysTemp/body/deepField/zinx-v3-DSCherry-600/DSCherry-600.mp3?v=1&vvv=1" 
[2025-09-19T01:21:43+08:00] 206 "/chfs/shared/FILES/E-sysTemp/body/deepField/zinx-v3-DSCherry-600/DSCherry-600.mp3?v=1&vvv=1" 
[2025-09-19T01:21:43+08:00] 206 "/chfs/shared/FILES/E-sysTemp/body/deepField/zinx-v3-DSCherry-600/DSCherry-600.mp3?v=1&vvv=1" 
[2025-09-19T01:21:47+08:00] 206 "/chfs/shared/FILES/E-sysTemp/body/deepField/zinx-v3-DSCherry-600/DSCherry-600.mp3?v=1&vvv=1" 
[2025-09-20T01:41:42+08:00] 200 "/chfs/shared/FILES/E-sysTemp/body/snow/kaCherry-440/kaCherry-440-s2.mp3?v=1&vvv=1" 
[2025-09-20T01:41:42+08:00] 206 "/chfs/shared/FILES/E-sysTemp/body/snow/kaCherry-440/kaCherry-440-s2.mp3?v=1&vvv=1" 
[2025-09-20T01:41:43+08:00] 206 "/chfs/shared/FILES/E-sysTemp/body/snow/kaCherry-440/kaCherry-440-s2.mp3?v=1&vvv=1" 
[2025-09-20T01:41:44+08:00] 206 "/chfs/shared/FILES/E-sysTemp/body/snow/kaCherry-440/kaCherry-440-s2.mp3?v=1&vvv=1" 
[2025-09-20T01:41:45+08:00] 206 "/chfs/shared/FILES/E-sysTemp/body/snow/kaCherry-440/kaCherry-440-s2.mp3?v=1&vvv=1" 
[2025-09-20T01:41:46+08:00] 206 "/chfs/shared/FILES/E-sysTemp/body/snow/kaCherry-440/kaCherry-440-s2.mp3?v=1&vvv=1" 
[2025-09-20T01:41:48+08:00] 206 "/chfs/shared/FILES/E-sysTemp/body/snow/kaCherry-440/kaCherry-440-s2.mp3?v=1&vvv=1" 
[2025-09-22T01:57:25+08:00] 200 "/chfs/shared/FILES/E-sysTemp/Cow/long-bin/ipCherry-333/ipCherry-333-s2.mp3?v=1&vvv=1" 
[2025-09-22T01:57:27+08:00] 206 "/chfs/shared/FILES/E-sysTemp/Cow/long-bin/ipCherry-333/ipCherry-333-s2.mp3?v=1&vvv=1" 
[2025-09-22T01:57:29+08:00] 206 "/chfs/shared/FILES/E-sysTemp/Cow/long-bin/ipCherry-333/ipCherry-333-s2.mp3?v=1&vvv=1" 
[2025-09-22T01:57:32+08:00] 206 "/chfs/shared/FILES/E-sysTemp/Cow/long-bin/ipCherry-333/ipCherry-333-s2.mp3?v=1&vvv=1" 
[2025-09-24T01:24:22+08:00] 200 "/chfs/shared/FILES/E-sysTemp/body/northFlower/apache-flower-v3-siCherry-277/siCherry-277-s1.mp3?v=1&vvv=1" 
[2025-09-24T01:24:22+08:00] 206 "/chfs/shared/FILES/E-sysTemp/body/northFlower/apache-flower-v3-siCherry-277/siCherry-277-s1.mp3?v=1&vvv=1" 
[2025-09-24T01:24:22+08:00] 206 "/chfs/shared/FILES/E-sysTemp/body/northFlower/apache-flower-v3-siCherry-277/siCherry-277-s1.mp3?v=1&vvv=1" 
[2025-09-24T01:24:23+08:00] 206 "/chfs/shared/FILES/E-sysTemp/body/northFlower/apache-flower-v3-siCherry-277/siCherry-277-s1.mp3?v=1&vvv=1" 
[2025-09-24T01:24:24+08:00] 206 "/chfs/shared/FILES/E-sysTemp/body/northFlower/apache-flower-v3-siCherry-277/siCherry-277-s1.mp3?v=1&vvv=1" 
[2025-09-24T01:24:25+08:00] 206 "/chfs/shared/FILES/E-sysTemp/body/northFlower/apache-flower-v3-siCherry-277/siCherry-277-s1.mp3?v=1&vvv=1" 
[2025-09-24T01:24:26+08:00] 206 "/chfs/shared/FILES/E-sysTemp/body/northFlower/apache-flower-v3-siCherry-277/siCherry-277-s1.mp3?v=1&vvv=1" 
[2025-09-28T04:03:03+08:00] 200 "/chfs/shared/FILES/E-sysTemp/Cow/dreamMilk/siCherry-276/siCherry-276-s2.mp3?v=1&vvv=1" 
[2025-09-28T04:03:03+08:00] 206 "/chfs/shared/FILES/E-sysTemp/Cow/dreamMilk/siCherry-276/siCherry-276-s2.mp3?v=1&vvv=1" 
[2025-09-28T04:03:03+08:00] 206 "/chfs/shared/FILES/E-sysTemp/Cow/dreamMilk/siCherry-276/siCherry-276-s2.mp3?v=1&vvv=1" 
[2025-09-28T04:03:04+08:00] 206 "/chfs/shared/FILES/E-sysTemp/Cow/dreamMilk/siCherry-276/siCherry-276-s2.mp3?v=1&vvv=1" 
[2025-09-28T04:03:04+08:00] 206 "/chfs/shared/FILES/E-sysTemp/Cow/dreamMilk/siCherry-276/siCherry-276-s2.mp3?v=1&vvv=1" 
[2025-09-28T04:03:05+08:00] 206 "/chfs/shared/FILES/E-sysTemp/Cow/dreamMilk/siCherry-276/siCherry-276-s2.mp3?v=1&vvv=1" 
[2025-09-28T04:03:05+08:00] 206 "/chfs/shared/FILES/E-sysTemp/Cow/dreamMilk/siCherry-276/siCherry-276-s2.mp3?v=1&vvv=1" 
[2025-09-28T04:03:07+08:00] 206 "/chfs/shared/FILES/E-sysTemp/Cow/dreamMilk/siCherry-276/siCherry-276-s2.mp3?v=1&vvv=1" 
[2025-10-01T02:34:04+08:00] 200 "/chfs/shared/FILES/E-sysTemp/body/teach/apache-v3-TASK-1088/TASK-1088.mp3?v=1&vvv=1" 
[2025-10-01T02:34:04+08:00] 206 "/chfs/shared/FILES/E-sysTemp/body/teach/apache-v3-TASK-1088/TASK-1088.mp3?v=1&vvv=1" 
[2025-10-01T02:34:05+08:00] 206 "/chfs/shared/FILES/E-sysTemp/body/teach/apache-v3-TASK-1088/TASK-1088.mp3?v=1&vvv=1" 
[2025-10-01T02:34:06+08:00] 206 "/chfs/shared/FILES/E-sysTemp/body/teach/apache-v3-TASK-1088/TASK-1088.mp3?v=1&vvv=1" 
[2025-10-01T02:34:07+08:00] 206 "/chfs/shared/FILES/E-sysTemp/body/teach/apache-v3-TASK-1088/TASK-1088.mp3?v=1&vvv=1" 
[2025-10-01T02:34:08+08:00] 206 "/chfs/shared/FILES/E-sysTemp/body/teach/apache-v3-TASK-1088/TASK-1088.mp3?v=1&vvv=1" 
[2025-10-04T03:06:39+08:00] 200 "/chfs/shared/FILES/E-sysTemp/body/snow/kaCherry-428/kaCherry-428-s1.mp3?v=1&vvv=1" 
[2025-10-04T03:06:39+08:00] 206 "/chfs/shared/FILES/E-sysTemp/body/snow/kaCherry-428/kaCherry-428-s1.mp3?v=1&vvv=1" 
[2025-10-04T03:06:40+08:00] 206 "/chfs/shared/FILES/E-sysTemp/body/snow/kaCherry-428/kaCherry-428-s1.mp3?v=1&vvv=1" 
[2025-10-04T03:06:40+08:00] 206 "/chfs/shared/FILES/E-sysTemp/body/snow/kaCherry-428/kaCherry-428-s1.mp3?v=1&vvv=1" 
[2025-10-04T03:06:41+08:00] 206 "/chfs/shared/FILES/E-sysTemp/body/snow/kaCherry-428/kaCherry-428-s1.mp3?v=1&vvv=1" 
[2025-10-04T03:06:41+08:00] 206 "/chfs/shared/FILES/E-sysTemp/body/snow/kaCherry-428/kaCherry-428-s1.mp3?v=1&vvv=1" 
[2025-10-04T03:06:43+08:00] 206 "/chfs/shared/FILES/E-sysTemp/body/snow/kaCherry-428/kaCherry-428-s1.mp3?v=1&vvv=1" 
[2025-10-07T03:31:55+08:00] 200 "/chfs/shared/FILES/E-sysTemp/Cow/god-wood/dsCherry-1669/dsCherry-1669.mp3?v=1&vvv=1" 
[2025-10-07T03:31:56+08:00] 206 "/chfs/shared/FILES/E-sysTemp/Cow/god-wood/dsCherry-1669/dsCherry-1669.mp3?v=1&vvv=1" 
[2025-10-07T03:31:56+08:00] 206 "/chfs/shared/FILES/E-sysTemp/Cow/god-wood/dsCherry-1669/dsCherry-1669.mp3?v=1&vvv=1" 
[2025-10-07T03:31:59+08:00] 206 "/chfs/shared/FILES/E-sysTemp/Cow/god-wood/dsCherry-1669/dsCherry-1669.mp3?v=1&vvv=1" 
[2025-10-07T03:32:00+08:00] 206 "/chfs/shared/FILES/E-sysTemp/Cow/god-wood/dsCherry-1669/dsCherry-1669.mp3?v=1&vvv=1" 
[2025-10-07T03:32:03+08:00] 206 "/chfs/shared/FILES/E-sysTemp/Cow/god-wood/dsCherry-1669/dsCherry-1669.mp3?v=1&vvv=1" 
[2025-10-08T01:46:38+08:00] 200 "/chfs/shared/FILES/F-sysTemp/Virtualv/wf/south/ipCherry-226/ipCherry-226-s2.mp3?v=1&vvv=1" 
[2025-10-08T01:46:38+08:00] 206 "/chfs/shared/FILES/F-sysTemp/Virtualv/wf/south/ipCherry-226/ipCherry-226-s2.mp3?v=1&vvv=1" 
[2025-10-08T01:46:39+08:00] 206 "/chfs/shared/FILES/F-sysTemp/Virtualv/wf/south/ipCherry-226/ipCherry-226-s2.mp3?v=1&vvv=1" 
[2025-10-08T01:46:40+08:00] 206 "/chfs/shared/FILES/F-sysTemp/Virtualv/wf/south/ipCherry-226/ipCherry-226-s2.mp3?v=1&vvv=1" 
[2025-10-08T01:46:42+08:00] 206 "/chfs/shared/FILES/F-sysTemp/Virtualv/wf/south/ipCherry-226/ipCherry-226-s2.mp3?v=1&vvv=1" 
[2025-10-08T01:46:44+08:00] 206 "/chfs/shared/FILES/F-sysTemp/Virtualv/wf/south/ipCherry-226/ipCherry-226-s2.mp3?v=1&vvv=1" 
[2025-10-09T02:43:42+08:00] 200 "/chfs/shared/FILES/E-sysTemp/Cow/qzz/apache-pig-v3-KIWCherry-227/KIWCherry-227.mp3?v=1&vvv=1" 
[2025-10-09T02:43:42+08:00] 206 "/chfs/shared/FILES/E-sysTemp/Cow/qzz/apache-pig-v3-KIWCherry-227/KIWCherry-227.mp3?v=1&vvv=1" 
[2025-10-09T02:43:42+08:00] 206 "/chfs/shared/FILES/E-sysTemp/Cow/qzz/apache-pig-v3-KIWCherry-227/KIWCherry-227.mp3?v=1&vvv=1" 
[2025-10-09T02:43:43+08:00] 206 "/chfs/shared/FILES/E-sysTemp/Cow/qzz/apache-pig-v3-KIWCherry-227/KIWCherry-227.mp3?v=1&vvv=1" 
[2025-10-09T02:43:45+08:00] 206 "/chfs/shared/FILES/E-sysTemp/Cow/qzz/apache-pig-v3-KIWCherry-227/KIWCherry-227.mp3?v=1&vvv=1" 
[2025-10-09T02:43:49+08:00] 206 "/chfs/shared/FILES/E-sysTemp/Cow/qzz/apache-pig-v3-KIWCherry-227/KIWCherry-227.mp3?v=1&vvv=1" 
[2025-10-11T00:44:45+08:00] 200 "/chfs/shared/FILES/E-sysTemp/body/west-palace/PXCherry-149/PXCherry-149.mp3?v=1&vvv=1" 
[2025-10-11T00:44:45+08:00] 206 "/chfs/shared/FILES/E-sysTemp/body/west-palace/PXCherry-149/PXCherry-149.mp3?v=1&vvv=1" 
[2025-10-11T00:44:46+08:00] 206 "/chfs/shared/FILES/E-sysTemp/body/west-palace/PXCherry-149/PXCherry-149.mp3?v=1&vvv=1" 
[2025-10-11T00:44:47+08:00] 206 "/chfs/shared/FILES/E-sysTemp/body/west-palace/PXCherry-149/PXCherry-149.mp3?v=1&vvv=1" 
[2025-10-11T00:44:48+08:00] 206 "/chfs/shared/FILES/E-sysTemp/body/west-palace/PXCherry-149/PXCherry-149.mp3?v=1&vvv=1" 
[2025-10-11T00:44:53+08:00] 206 "/chfs/shared/FILES/E-sysTemp/body/west-palace/PXCherry-149/PXCherry-149.mp3?v=1&vvv=1" 
[2025-10-13T02:13:54+08:00] 200 "/chfs/shared/FILES/E-sysTemp/Cow/tissue/apache-tissue-v3-netsp-207/netsp-207-s1.mp3?v=1&vvv=1" 
[2025-10-13T02:13:54+08:00] 206 "/chfs/shared/FILES/E-sysTemp/Cow/tissue/apache-tissue-v3-netsp-207/netsp-207-s1.mp3?v=1&vvv=1" 
[2025-10-13T02:13:54+08:00] 206 "/chfs/shared/FILES/E-sysTemp/Cow/tissue/apache-tissue-v3-netsp-207/netsp-207-s1.mp3?v=1&vvv=1" 
[2025-10-13T02:13:56+08:00] 206 "/chfs/shared/FILES/E-sysTemp/Cow/tissue/apache-tissue-v3-netsp-207/netsp-207-s1.mp3?v=1&vvv=1" 
[2025-10-13T02:13:58+08:00] 206 "/chfs/shared/FILES/E-sysTemp/Cow/tissue/apache-tissue-v3-netsp-207/netsp-207-s1.mp3?v=1&vvv=1" 
[2025-10-13T02:14:01+08:00] 206 "/chfs/shared/FILES/E-sysTemp/Cow/tissue/apache-tissue-v3-netsp-207/netsp-207-s1.mp3?v=1&vvv=1" 
[2025-10-14T01:58:23+08:00] 200 "/chfs/shared/FILES/E-sysTemp/body/white-hill/apache-v3-ipCherry-121//ipCherry-121.mp3?v=1&vvv=1" 
[2025-10-14T01:58:23+08:00] 206 "/chfs/shared/FILES/E-sysTemp/body/white-hill/apache-v3-ipCherry-121//ipCherry-121.mp3?v=1&vvv=1" 
[2025-10-14T01:58:24+08:00] 206 "/chfs/shared/FILES/E-sysTemp/body/white-hill/apache-v3-ipCherry-121//ipCherry-121.mp3?v=1&vvv=1" 
[2025-10-14T01:58:25+08:00] 206 "/chfs/shared/FILES/E-sysTemp/body/white-hill/apache-v3-ipCherry-121//ipCherry-121.mp3?v=1&vvv=1" 
[2025-10-14T01:58:25+08:00] 206 "/chfs/shared/FILES/E-sysTemp/body/white-hill/apache-v3-ipCherry-121//ipCherry-121.mp3?v=1&vvv=1" 
[2025-10-14T01:58:27+08:00] 206 "/chfs/shared/FILES/E-sysTemp/body/white-hill/apache-v3-ipCherry-121//ipCherry-121.mp3?v=1&vvv=1" 
[2025-10-16T02:20:03+08:00] 200 "/chfs/shared/FILES/E-sysTemp/body/black-island/saCherry-773/saCherry-773.mp3?v=1&vvv=1" 
[2025-10-16T02:20:03+08:00] 206 "/chfs/shared/FILES/E-sysTemp/body/black-island/saCherry-773/saCherry-773.mp3?v=1&vvv=1" 
[2025-10-16T02:20:04+08:00] 206 "/chfs/shared/FILES/E-sysTemp/body/black-island/saCherry-773/saCherry-773.mp3?v=1&vvv=1" 
[2025-10-16T02:20:05+08:00] 206 "/chfs/shared/FILES/E-sysTemp/body/black-island/saCherry-773/saCherry-773.mp3?v=1&vvv=1" 
[2025-10-16T02:20:05+08:00] 206 "/chfs/shared/FILES/E-sysTemp/body/black-island/saCherry-773/saCherry-773.mp3?v=1&vvv=1" 
[2025-10-16T02:20:08+08:00] 206 "/chfs/shared/FILES/E-sysTemp/body/black-island/saCherry-773/saCherry-773.mp3?v=1&vvv=1" 
[2025-10-21T02:13:55+08:00] 200 "/chfs/shared/FILES/F-sysTemp/Virtualv/wf/qb/apache-bridge-SICherry-030/SICherry-030.mp3?v=1&vvv=1" 
[2025-10-21T02:13:55+08:00] 206 "/chfs/shared/FILES/F-sysTemp/Virtualv/wf/qb/apache-bridge-SICherry-030/SICherry-030.mp3?v=1&vvv=1" 
[2025-10-21T02:13:55+08:00] 206 "/chfs/shared/FILES/F-sysTemp/Virtualv/wf/qb/apache-bridge-SICherry-030/SICherry-030.mp3?v=1&vvv=1" 
[2025-10-21T02:13:57+08:00] 206 "/chfs/shared/FILES/F-sysTemp/Virtualv/wf/qb/apache-bridge-SICherry-030/SICherry-030.mp3?v=1&vvv=1" 
[2025-10-21T02:13:58+08:00] 206 "/chfs/shared/FILES/F-sysTemp/Virtualv/wf/qb/apache-bridge-SICherry-030/SICherry-030.mp3?v=1&vvv=1" 
[2025-10-21T02:14:02+08:00] 206 "/chfs/shared/FILES/F-sysTemp/Virtualv/wf/qb/apache-bridge-SICherry-030/SICherry-030.mp3?v=1&vvv=1" 
[2025-10-22T23:45:35+08:00] 200 "/chfs/shared/FILES/F-sysTemp/Virtualv/wf/south/IPCherry-159/ipCherry-159.mp3?v=1&vvv=1" 
[2025-10-22T23:45:35+08:00] 206 "/chfs/shared/FILES/F-sysTemp/Virtualv/wf/south/IPCherry-159/ipCherry-159.mp3?v=1&vvv=1" 
[2025-10-22T23:45:36+08:00] 206 "/chfs/shared/FILES/F-sysTemp/Virtualv/wf/south/IPCherry-159/ipCherry-159.mp3?v=1&vvv=1" 
[2025-10-22T23:45:38+08:00] 206 "/chfs/shared/FILES/F-sysTemp/Virtualv/wf/south/IPCherry-159/ipCherry-159.mp3?v=1&vvv=1" 
[2025-10-22T23:45:42+08:00] 206 "/chfs/shared/FILES/F-sysTemp/Virtualv/wf/south/IPCherry-159/ipCherry-159.mp3?v=1&vvv=1" 
[2025-10-22T23:45:45+08:00] 206 "/chfs/shared/FILES/F-sysTemp/Virtualv/wf/south/IPCherry-159/ipCherry-159.mp3?v=1&vvv=1" 
[2025-10-26T05:56:02+08:00] 200 "/chfs/shared/FILES/E-sysTemp/Cow/dreamMilk/siCherry-197/siCherry-197-s2.mp3?v=1&vvv=1" 
[2025-10-26T05:56:03+08:00] 206 "/chfs/shared/FILES/E-sysTemp/Cow/dreamMilk/siCherry-197/siCherry-197-s2.mp3?v=1&vvv=1" 
[2025-10-26T05:56:03+08:00] 206 "/chfs/shared/FILES/E-sysTemp/Cow/dreamMilk/siCherry-197/siCherry-197-s2.mp3?v=1&vvv=1" 
[2025-10-26T05:56:04+08:00] 206 "/chfs/shared/FILES/E-sysTemp/Cow/dreamMilk/siCherry-197/siCherry-197-s2.mp3?v=1&vvv=1" 
[2025-10-26T05:56:05+08:00] 206 "/chfs/shared/FILES/E-sysTemp/Cow/dreamMilk/siCherry-197/siCherry-197-s2.mp3?v=1&vvv=1" 
[2025-10-26T05:56:07+08:00] 206 "/chfs/shared/FILES/E-sysTemp/Cow/dreamMilk/siCherry-197/siCherry-197-s2.mp3?v=1&vvv=1" 
[2025-10-27T00:01:29+08:00] 200 "/chfs/shared/FILES/E-sysTemp/body/black-island/dsCherry-1796/dsCherry-1796.mp3?v=1&vvv=1" 
[2025-10-27T00:01:29+08:00] 206 "/chfs/shared/FILES/E-sysTemp/body/black-island/dsCherry-1796/dsCherry-1796.mp3?v=1&vvv=1" 
[2025-10-27T00:01:29+08:00] 206 "/chfs/shared/FILES/E-sysTemp/body/black-island/dsCherry-1796/dsCherry-1796.mp3?v=1&vvv=1" 
[2025-10-27T00:01:30+08:00] 206 "/chfs/shared/FILES/E-sysTemp/body/black-island/dsCherry-1796/dsCherry-1796.mp3?v=1&vvv=1" 
[2025-10-27T00:01:32+08:00] 206 "/chfs/shared/FILES/E-sysTemp/body/black-island/dsCherry-1796/dsCherry-1796.mp3?v=1&vvv=1" 
[2025-10-27T00:01:35+08:00] 206 "/chfs/shared/FILES/E-sysTemp/body/black-island/dsCherry-1796/dsCherry-1796.mp3?v=1&vvv=1" 
[2025-10-28T02:12:57+08:00] 200 "/chfs/shared/FILES/E-sysTemp/Cow/three-palace/ATCherry-063/atCherry-063-s2.mp3?v=1&vvv=1" 
[2025-10-28T02:12:57+08:00] 206 "/chfs/shared/FILES/E-sysTemp/Cow/three-palace/ATCherry-063/atCherry-063-s2.mp3?v=1&vvv=1" 
[2025-10-28T02:12:58+08:00] 206 "/chfs/shared/FILES/E-sysTemp/Cow/three-palace/ATCherry-063/atCherry-063-s2.mp3?v=1&vvv=1" 
[2025-10-28T02:12:59+08:00] 206 "/chfs/shared/FILES/E-sysTemp/Cow/three-palace/ATCherry-063/atCherry-063-s2.mp3?v=1&vvv=1" 
[2025-10-28T02:13:01+08:00] 206 "/chfs/shared/FILES/E-sysTemp/Cow/three-palace/ATCherry-063/atCherry-063-s2.mp3?v=1&vvv=1" 
[2025-10-28T02:13:04+08:00] 206 "/chfs/shared/FILES/E-sysTemp/Cow/three-palace/ATCherry-063/atCherry-063-s2.mp3?v=1&vvv=1" 
[2025-10-30T05:47:10+08:00] 200 "/chfs/shared/FILES/E-sysTemp/Cow/teeth/KACherry-164/KACherry-164-sock.mp3?v=1&vvv=1" 
[2025-10-30T05:47:10+08:00] 206 "/chfs/shared/FILES/E-sysTemp/Cow/teeth/KACherry-164/KACherry-164-sock.mp3?v=1&vvv=1" 
[2025-10-30T05:47:11+08:00] 206 "/chfs/shared/FILES/E-sysTemp/Cow/teeth/KACherry-164/KACherry-164-sock.mp3?v=1&vvv=1" 
[2025-10-30T05:47:12+08:00] 206 "/chfs/shared/FILES/E-sysTemp/Cow/teeth/KACherry-164/KACherry-164-sock.mp3?v=1&vvv=1" 
[2025-10-30T05:47:16+08:00] 206 "/chfs/shared/FILES/E-sysTemp/Cow/teeth/KACherry-164/KACherry-164-sock.mp3?v=1&vvv=1" 
[2025-10-30T05:47:18+08:00] 206 "/chfs/shared/FILES/E-sysTemp/Cow/teeth/KACherry-164/KACherry-164-sock.mp3?v=1&vvv=1" 
[2025-11-05T03:21:01+08:00] 200 "/chfs/shared/FILES/E-sysTemp/body/HD/dsCherry-1364/dsCherry-1364.mp3?v=1&vvv=1" 
[2025-11-05T03:21:01+08:00] 206 "/chfs/shared/FILES/E-sysTemp/body/HD/dsCherry-1364/dsCherry-1364.mp3?v=1&vvv=1" 
[2025-11-05T03:21:01+08:00] 206 "/chfs/shared/FILES/E-sysTemp/body/HD/dsCherry-1364/dsCherry-1364.mp3?v=1&vvv=1" 
[2025-11-05T03:21:02+08:00] 206 "/chfs/shared/FILES/E-sysTemp/body/HD/dsCherry-1364/dsCherry-1364.mp3?v=1&vvv=1" 
[2025-11-05T03:21:03+08:00] 206 "/chfs/shared/FILES/E-sysTemp/body/HD/dsCherry-1364/dsCherry-1364.mp3?v=1&vvv=1" 
[2025-11-05T03:21:05+08:00] 206 "/chfs/shared/FILES/E-sysTemp/body/HD/dsCherry-1364/dsCherry-1364.mp3?v=1&vvv=1" 
[2025-11-05T03:21:07+08:00] 206 "/chfs/shared/FILES/E-sysTemp/body/HD/dsCherry-1364/dsCherry-1364.mp3?v=1&vvv=1" 
[2025-11-05T03:21:08+08:00] 206 "/chfs/shared/FILES/E-sysTemp/body/HD/dsCherry-1364/dsCherry-1364.mp3?v=1&vvv=1" 
[2025-11-05T03:21:13+08:00] 206 "/chfs/shared/FILES/E-sysTemp/body/HD/dsCherry-1364/dsCherry-1364.mp3?v=1&vvv=1" 
[2025-11-06T04:36:10+08:00] 200 "/chfs/shared/FILES/E-sysTemp/body/snow/kaCherry-343/kaCherry-343-s2.mp3?v=1&vvv=1" 
[2025-11-06T04:36:10+08:00] 206 "/chfs/shared/FILES/E-sysTemp/body/snow/kaCherry-343/kaCherry-343-s2.mp3?v=1&vvv=1" 
[2025-11-06T04:36:10+08:00] 206 "/chfs/shared/FILES/E-sysTemp/body/snow/kaCherry-343/kaCherry-343-s2.mp3?v=1&vvv=1" 
[2025-11-06T04:36:10+08:00] 206 "/chfs/shared/FILES/E-sysTemp/body/snow/kaCherry-343/kaCherry-343-s2.mp3?v=1&vvv=1" 
[2025-11-06T04:36:11+08:00] 206 "/chfs/shared/FILES/E-sysTemp/body/snow/kaCherry-343/kaCherry-343-s2.mp3?v=1&vvv=1" 
[2025-11-06T04:36:11+08:00] 206 "/chfs/shared/FILES/E-sysTemp/body/snow/kaCherry-343/kaCherry-343-s2.mp3?v=1&vvv=1" 
[2025-11-06T04:36:16+08:00] 206 "/chfs/shared/FILES/E-sysTemp/body/snow/kaCherry-343/kaCherry-343-s2.mp3?v=1&vvv=1" 
[2025-11-06T04:36:20+08:00] 206 "/chfs/shared/FILES/E-sysTemp/body/snow/kaCherry-343/kaCherry-343-s2.mp3?v=1&vvv=1" 
[2025-11-08T01:17:59+08:00] 200 "/chfs/shared/FILES/E-sysTemp/Cow/long-bin/ipCherry-333/ipCherry-333-s1.mp3?v=1&vvv=1" 
[2025-11-08T01:17:59+08:00] 206 "/chfs/shared/FILES/E-sysTemp/Cow/long-bin/ipCherry-333/ipCherry-333-s1.mp3?v=1&vvv=1" 
[2025-11-08T01:18:00+08:00] 206 "/chfs/shared/FILES/E-sysTemp/Cow/long-bin/ipCherry-333/ipCherry-333-s1.mp3?v=1&vvv=1" 
[2025-11-08T01:18:01+08:00] 206 "/chfs/shared/FILES/E-sysTemp/Cow/long-bin/ipCherry-333/ipCherry-333-s1.mp3?v=1&vvv=1" 
[2025-11-08T01:18:02+08:00] 206 "/chfs/shared/FILES/E-sysTemp/Cow/long-bin/ipCherry-333/ipCherry-333-s1.mp3?v=1&vvv=1" 
[2025-11-08T01:18:03+08:00] 206 "/chfs/shared/FILES/E-sysTemp/Cow/long-bin/ipCherry-333/ipCherry-333-s1.mp3?v=1&vvv=1" 
[2025-11-08T01:18:07+08:00] 206 "/chfs/shared/FILES/E-sysTemp/Cow/long-bin/ipCherry-333/ipCherry-333-s1.mp3?v=1&vvv=1" 
[2025-11-09T07:49:16+08:00] 200 "/chfs/shared/FILES/E-sysTemp/body/fen/IPCherry-075/IPCherry-075-hr.mp3?v=1&vvv=1" 
[2025-11-09T07:49:16+08:00] 206 "/chfs/shared/FILES/E-sysTemp/body/fen/IPCherry-075/IPCherry-075-hr.mp3?v=1&vvv=1" 
[2025-11-09T07:49:16+08:00] 206 "/chfs/shared/FILES/E-sysTemp/body/fen/IPCherry-075/IPCherry-075-hr.mp3?v=1&vvv=1" 
[2025-11-09T07:49:18+08:00] 206 "/chfs/shared/FILES/E-sysTemp/body/fen/IPCherry-075/IPCherry-075-hr.mp3?v=1&vvv=1" 
[2025-11-09T07:49:21+08:00] 206 "/chfs/shared/FILES/E-sysTemp/body/fen/IPCherry-075/IPCherry-075-hr.mp3?v=1&vvv=1" 
[2025-11-09T07:49:25+08:00] 206 "/chfs/shared/FILES/E-sysTemp/body/fen/IPCherry-075/IPCherry-075-hr.mp3?v=1&vvv=1" 
[2025-11-12T00:34:00+08:00] 200 "/chfs/shared/FILES/E-sysTemp/body/panelRoad/siCherry-184/siCherry-184-s1.mp3?v=1&vvv=1" 
[2025-11-12T00:34:00+08:00] 206 "/chfs/shared/FILES/E-sysTemp/body/panelRoad/siCherry-184/siCherry-184-s1.mp3?v=1&vvv=1" 
[2025-11-12T00:34:02+08:00] 206 "/chfs/shared/FILES/E-sysTemp/body/panelRoad/siCherry-184/siCherry-184-s1.mp3?v=1&vvv=1" 
[2025-11-12T00:34:03+08:00] 206 "/chfs/shared/FILES/E-sysTemp/body/panelRoad/siCherry-184/siCherry-184-s1.mp3?v=1&vvv=1" 
[2025-11-12T00:34:04+08:00] 206 "/chfs/shared/FILES/E-sysTemp/body/panelRoad/siCherry-184/siCherry-184-s1.mp3?v=1&vvv=1" 
[2025-11-12T00:34:06+08:00] 206 "/chfs/shared/FILES/E-sysTemp/body/panelRoad/siCherry-184/siCherry-184-s1.mp3?v=1&vvv=1" 
[2025-11-13T01:46:29+08:00] 200 "/chfs/shared/FILES/E-sysTemp/body/G.E.M/apache-GEM-v3-TASK-1235/TASK-1235.mp3?v=1&vvv=1" 
[2025-11-13T01:46:29+08:00] 206 "/chfs/shared/FILES/E-sysTemp/body/G.E.M/apache-GEM-v3-TASK-1235/TASK-1235.mp3?v=1&vvv=1" 
[2025-11-13T01:46:29+08:00] 206 "/chfs/shared/FILES/E-sysTemp/body/G.E.M/apache-GEM-v3-TASK-1235/TASK-1235.mp3?v=1&vvv=1" 
[2025-11-13T01:46:30+08:00] 206 "/chfs/shared/FILES/E-sysTemp/body/G.E.M/apache-GEM-v3-TASK-1235/TASK-1235.mp3?v=1&vvv=1" 
[2025-11-13T01:46:34+08:00] 206 "/chfs/shared/FILES/E-sysTemp/body/G.E.M/apache-GEM-v3-TASK-1235/TASK-1235.mp3?v=1&vvv=1" 
[2025-11-13T01:46:38+08:00] 206 "/chfs/shared/FILES/E-sysTemp/body/G.E.M/apache-GEM-v3-TASK-1235/TASK-1235.mp3?v=1&vvv=1" 
[2025-11-14T02:52:55+08:00] 200 "/chfs/shared/FILES/F-sysTemp/Virtualv/wf/qb/apache-bridge-mdCherry-276/mdCherry-276-s1.mp3?v=1&vvv=1" 
[2025-11-14T02:52:55+08:00] 206 "/chfs/shared/FILES/F-sysTemp/Virtualv/wf/qb/apache-bridge-mdCherry-276/mdCherry-276-s1.mp3?v=1&vvv=1" 
[2025-11-14T02:52:56+08:00] 206 "/chfs/shared/FILES/F-sysTemp/Virtualv/wf/qb/apache-bridge-mdCherry-276/mdCherry-276-s1.mp3?v=1&vvv=1" 
[2025-11-14T02:52:57+08:00] 206 "/chfs/shared/FILES/F-sysTemp/Virtualv/wf/qb/apache-bridge-mdCherry-276/mdCherry-276-s1.mp3?v=1&vvv=1" 
[2025-11-14T02:52:59+08:00] 206 "/chfs/shared/FILES/F-sysTemp/Virtualv/wf/qb/apache-bridge-mdCherry-276/mdCherry-276-s1.mp3?v=1&vvv=1" 
[2025-11-14T02:53:01+08:00] 206 "/chfs/shared/FILES/F-sysTemp/Virtualv/wf/qb/apache-bridge-mdCherry-276/mdCherry-276-s1.mp3?v=1&vvv=1" 
[2025-11-15T03:57:56+08:00] 200 "/chfs/shared/FILES/E-sysTemp/body/three-step/juCherry-182/juCherry-182-s1.mp3?v=1&vvv=1" 
[2025-11-15T03:57:57+08:00] 206 "/chfs/shared/FILES/E-sysTemp/body/three-step/juCherry-182/juCherry-182-s1.mp3?v=1&vvv=1" 
[2025-11-15T03:57:57+08:00] 206 "/chfs/shared/FILES/E-sysTemp/body/three-step/juCherry-182/juCherry-182-s1.mp3?v=1&vvv=1" 
[2025-11-15T03:57:58+08:00] 206 "/chfs/shared/FILES/E-sysTemp/body/three-step/juCherry-182/juCherry-182-s1.mp3?v=1&vvv=1" 
[2025-11-15T03:58:01+08:00] 206 "/chfs/shared/FILES/E-sysTemp/body/three-step/juCherry-182/juCherry-182-s1.mp3?v=1&vvv=1" 
[2025-11-15T03:58:06+08:00] 206 "/chfs/shared/FILES/E-sysTemp/body/three-step/juCherry-182/juCherry-182-s1.mp3?v=1&vvv=1" 
[2025-11-18T02:15:10+08:00] 200 "/chfs/shared/FILES/F-sysTemp/Virtualv/peach/ipCherry-090/ipCherry-090-s2.mp3?v=1&vvv=1" 
[2025-11-18T02:15:11+08:00] 206 "/chfs/shared/FILES/F-sysTemp/Virtualv/peach/ipCherry-090/ipCherry-090-s2.mp3?v=1&vvv=1" 
[2025-11-18T02:15:15+08:00] 206 "/chfs/shared/FILES/F-sysTemp/Virtualv/peach/ipCherry-090/ipCherry-090-s2.mp3?v=1&vvv=1" 
[2025-11-18T02:15:17+08:00] 206 "/chfs/shared/FILES/F-sysTemp/Virtualv/peach/ipCherry-090/ipCherry-090-s2.mp3?v=1&vvv=1" 
[2025-11-19T01:05:13+08:00] 200 "/chfs/shared/FILES/E-sysTemp/body/snow/kaCherry-461/kaCherry-461-s1.mp3?v=1&vvv=1" 
[2025-11-19T01:05:13+08:00] 206 "/chfs/shared/FILES/E-sysTemp/body/snow/kaCherry-461/kaCherry-461-s1.mp3?v=1&vvv=1" 
[2025-11-19T01:05:14+08:00] 206 "/chfs/shared/FILES/E-sysTemp/body/snow/kaCherry-461/kaCherry-461-s1.mp3?v=1&vvv=1" 
[2025-11-19T01:05:18+08:00] 206 "/chfs/shared/FILES/E-sysTemp/body/snow/kaCherry-461/kaCherry-461-s1.mp3?v=1&vvv=1" 
[2025-11-19T01:05:18+08:00] 206 "/chfs/shared/FILES/E-sysTemp/body/snow/kaCherry-461/kaCherry-461-s1.mp3?v=1&vvv=1" 
[2025-11-19T01:05:21+08:00] 206 "/chfs/shared/FILES/E-sysTemp/body/snow/kaCherry-461/kaCherry-461-s1.mp3?v=1&vvv=1" 
[2025-11-19T01:05:24+08:00] 206 "/chfs/shared/FILES/E-sysTemp/body/snow/kaCherry-461/kaCherry-461-s1.mp3?v=1&vvv=1" 
[2025-11-20T02:46:08+08:00] 200 "/chfs/shared/FILES/E-sysTemp/body/teach/apache-v3-KIWCherry-777/KIWCherry-777.mp3?v=1&vvv=1" 
[2025-11-20T02:46:08+08:00] 206 "/chfs/shared/FILES/E-sysTemp/body/teach/apache-v3-KIWCherry-777/KIWCherry-777.mp3?v=1&vvv=1" 
[2025-11-20T02:46:09+08:00] 206 "/chfs/shared/FILES/E-sysTemp/body/teach/apache-v3-KIWCherry-777/KIWCherry-777.mp3?v=1&vvv=1" 
[2025-11-20T02:46:10+08:00] 206 "/chfs/shared/FILES/E-sysTemp/body/teach/apache-v3-KIWCherry-777/KIWCherry-777.mp3?v=1&vvv=1" 
[2025-11-20T02:46:10+08:00] 206 "/chfs/shared/FILES/E-sysTemp/body/teach/apache-v3-KIWCherry-777/KIWCherry-777.mp3?v=1&vvv=1" 
[2025-11-20T02:46:14+08:00] 206 "/chfs/shared/FILES/E-sysTemp/body/teach/apache-v3-KIWCherry-777/KIWCherry-777.mp3?v=1&vvv=1" 
[2025-11-20T02:46:17+08:00] 206 "/chfs/shared/FILES/E-sysTemp/body/teach/apache-v3-KIWCherry-777/KIWCherry-777.mp3?v=1&vvv=1" 
[2025-11-21T01:37:26+08:00] 200 "/chfs/shared/FILES/E-sysTemp/body/G.E.M/apache-GEM-v3-kiwCherry-646/kiwCherry-646.mp3?v=1&vvv=1" 
[2025-11-21T01:37:27+08:00] 206 "/chfs/shared/FILES/E-sysTemp/body/G.E.M/apache-GEM-v3-kiwCherry-646/kiwCherry-646.mp3?v=1&vvv=1" 
[2025-11-21T01:37:27+08:00] 206 "/chfs/shared/FILES/E-sysTemp/body/G.E.M/apache-GEM-v3-kiwCherry-646/kiwCherry-646.mp3?v=1&vvv=1" 
[2025-11-21T01:37:29+08:00] 206 "/chfs/shared/FILES/E-sysTemp/body/G.E.M/apache-GEM-v3-kiwCherry-646/kiwCherry-646.mp3?v=1&vvv=1" 
[2025-11-21T01:37:31+08:00] 206 "/chfs/shared/FILES/E-sysTemp/body/G.E.M/apache-GEM-v3-kiwCherry-646/kiwCherry-646.mp3?v=1&vvv=1" 
[2025-11-21T01:37:35+08:00] 206 "/chfs/shared/FILES/E-sysTemp/body/G.E.M/apache-GEM-v3-kiwCherry-646/kiwCherry-646.mp3?v=1&vvv=1" 
[2025-11-21T01:37:38+08:00] 206 "/chfs/shared/FILES/E-sysTemp/body/G.E.M/apache-GEM-v3-kiwCherry-646/kiwCherry-646.mp3?v=1&vvv=1" 
[2025-11-22T02:28:43+08:00] 200 "/chfs/shared/FILES/E-sysTemp/body/beauty-cloth/TASK-1618/TASK-1618.mp3?v=1&vvv=1" 
[2025-11-22T02:28:43+08:00] 206 "/chfs/shared/FILES/E-sysTemp/body/beauty-cloth/TASK-1618/TASK-1618.mp3?v=1&vvv=1" 
[2025-11-22T02:28:44+08:00] 206 "/chfs/shared/FILES/E-sysTemp/body/beauty-cloth/TASK-1618/TASK-1618.mp3?v=1&vvv=1" 
[2025-11-22T02:28:44+08:00] 206 "/chfs/shared/FILES/E-sysTemp/body/beauty-cloth/TASK-1618/TASK-1618.mp3?v=1&vvv=1" 
[2025-11-22T02:28:45+08:00] 206 "/chfs/shared/FILES/E-sysTemp/body/beauty-cloth/TASK-1618/TASK-1618.mp3?v=1&vvv=1" 
[2025-11-22T02:28:48+08:00] 206 "/chfs/shared/FILES/E-sysTemp/body/beauty-cloth/TASK-1618/TASK-1618.mp3?v=1&vvv=1" 
[2025-11-22T02:28:50+08:00] 206 "/chfs/shared/FILES/E-sysTemp/body/beauty-cloth/TASK-1618/TASK-1618.mp3?v=1&vvv=1" 
[2025-11-24T01:45:34+08:00] 200 "/chfs/shared/FILES/E-sysTemp/Cow/pine-pear/saCherry-375/saCherry-375.mp3?v=1&vvv=1" 
[2025-11-24T01:45:35+08:00] 206 "/chfs/shared/FILES/E-sysTemp/Cow/pine-pear/saCherry-375/saCherry-375.mp3?v=1&vvv=1" 
[2025-11-24T01:45:35+08:00] 206 "/chfs/shared/FILES/E-sysTemp/Cow/pine-pear/saCherry-375/saCherry-375.mp3?v=1&vvv=1" 
[2025-11-24T01:45:37+08:00] 206 "/chfs/shared/FILES/E-sysTemp/Cow/pine-pear/saCherry-375/saCherry-375.mp3?v=1&vvv=1" 
[2025-11-24T01:45:38+08:00] 206 "/chfs/shared/FILES/E-sysTemp/Cow/pine-pear/saCherry-375/saCherry-375.mp3?v=1&vvv=1" 
[2025-11-24T01:45:38+08:00] 206 "/chfs/shared/FILES/E-sysTemp/Cow/pine-pear/saCherry-375/saCherry-375.mp3?v=1&vvv=1" 
[2025-11-24T01:45:41+08:00] 206 "/chfs/shared/FILES/E-sysTemp/Cow/pine-pear/saCherry-375/saCherry-375.mp3?v=1&vvv=1" 
[2025-11-25T01:52:30+08:00] 200 "/chfs/shared/FILES/E-sysTemp/body/HD/prCherry-073/prCherry-073.mp3?v=1&vvv=1" 
[2025-11-25T01:52:30+08:00] 206 "/chfs/shared/FILES/E-sysTemp/body/HD/prCherry-073/prCherry-073.mp3?v=1&vvv=1" 
[2025-11-25T01:52:31+08:00] 206 "/chfs/shared/FILES/E-sysTemp/body/HD/prCherry-073/prCherry-073.mp3?v=1&vvv=1" 
[2025-11-25T01:52:32+08:00] 206 "/chfs/shared/FILES/E-sysTemp/body/HD/prCherry-073/prCherry-073.mp3?v=1&vvv=1" 
[2025-11-25T01:52:33+08:00] 206 "/chfs/shared/FILES/E-sysTemp/body/HD/prCherry-073/prCherry-073.mp3?v=1&vvv=1" 
[2025-11-25T01:52:34+08:00] 206 "/chfs/shared/FILES/E-sysTemp/body/HD/prCherry-073/prCherry-073.mp3?v=1&vvv=1" 
[2025-11-25T01:52:36+08:00] 206 "/chfs/shared/FILES/E-sysTemp/body/HD/prCherry-073/prCherry-073.mp3?v=1&vvv=1" 
[2025-11-27T03:08:58+08:00] 200 "/chfs/shared/FILES/E-sysTemp/Cow/dreamMilk/siCherry-382/siCherry-382-s1.mp3?v=1&vvv=1" 
[2025-11-27T03:09:00+08:00] 206 "/chfs/shared/FILES/E-sysTemp/Cow/dreamMilk/siCherry-382/siCherry-382-s1.mp3?v=1&vvv=1" 
[2025-11-27T03:09:02+08:00] 206 "/chfs/shared/FILES/E-sysTemp/Cow/dreamMilk/siCherry-382/siCherry-382-s1.mp3?v=1&vvv=1" 
[2025-11-27T03:09:04+08:00] 206 "/chfs/shared/FILES/E-sysTemp/Cow/dreamMilk/siCherry-382/siCherry-382-s1.mp3?v=1&vvv=1" 
[2025-11-28T02:12:36+08:00] 200 "/chfs/shared/FILES/E-sysTemp/body/HD/journalCat-057/journalCat-057.mp3?v=1&vvv=1" 
[2025-11-28T02:12:36+08:00] 206 "/chfs/shared/FILES/E-sysTemp/body/HD/journalCat-057/journalCat-057.mp3?v=1&vvv=1" 
[2025-11-28T02:12:37+08:00] 206 "/chfs/shared/FILES/E-sysTemp/body/HD/journalCat-057/journalCat-057.mp3?v=1&vvv=1" 
[2025-11-28T02:12:37+08:00] 206 "/chfs/shared/FILES/E-sysTemp/body/HD/journalCat-057/journalCat-057.mp3?v=1&vvv=1" 
[2025-11-28T02:12:38+08:00] 206 "/chfs/shared/FILES/E-sysTemp/body/HD/journalCat-057/journalCat-057.mp3?v=1&vvv=1" 
[2025-11-28T02:12:40+08:00] 206 "/chfs/shared/FILES/E-sysTemp/body/HD/journalCat-057/journalCat-057.mp3?v=1&vvv=1" 
[2025-11-28T02:12:42+08:00] 206 "/chfs/shared/FILES/E-sysTemp/body/HD/journalCat-057/journalCat-057.mp3?v=1&vvv=1" 
[2025-11-28T02:12:42+08:00] 206 "/chfs/shared/FILES/E-sysTemp/body/HD/journalCat-057/journalCat-057.mp3?v=1&vvv=1" 
[2025-11-28T02:12:45+08:00] 206 "/chfs/shared/FILES/E-sysTemp/body/HD/journalCat-057/journalCat-057.mp3?v=1&vvv=1" 
[2025-11-28T15:52:44+08:00] 200 "/chfs/shared/FILES/E-sysTemp/body/beauty-cloth/saCherry-851/saCherry-851-s2.mp3?v=1&vvv=1" 
[2025-11-28T15:52:44+08:00] 206 "/chfs/shared/FILES/E-sysTemp/body/beauty-cloth/saCherry-851/saCherry-851-s2.mp3?v=1&vvv=1" 
[2025-11-28T15:52:44+08:00] 206 "/chfs/shared/FILES/E-sysTemp/body/beauty-cloth/saCherry-851/saCherry-851-s2.mp3?v=1&vvv=1" 
[2025-11-28T15:52:45+08:00] 206 "/chfs/shared/FILES/E-sysTemp/body/beauty-cloth/saCherry-851/saCherry-851-s2.mp3?v=1&vvv=1" 
[2025-11-28T15:52:46+08:00] 206 "/chfs/shared/FILES/E-sysTemp/body/beauty-cloth/saCherry-851/saCherry-851-s2.mp3?v=1&vvv=1" 
[2025-11-28T15:52:48+08:00] 206 "/chfs/shared/FILES/E-sysTemp/body/beauty-cloth/saCherry-851/saCherry-851-s2.mp3?v=1&vvv=1" 
[2025-11-28T15:52:50+08:00] 206 "/chfs/shared/FILES/E-sysTemp/body/beauty-cloth/saCherry-851/saCherry-851-s2.mp3?v=1&vvv=1" 
[2025-12-02T01:49:03+08:00] 200 "/chfs/shared/FILES/E-sysTemp/body/snow/kaCherry-461/kaCherry-461-s2.mp3?v=1&vvv=1" 
[2025-12-02T01:49:03+08:00] 206 "/chfs/shared/FILES/E-sysTemp/body/snow/kaCherry-461/kaCherry-461-s2.mp3?v=1&vvv=1" 
[2025-12-02T01:49:03+08:00] 206 "/chfs/shared/FILES/E-sysTemp/body/snow/kaCherry-461/kaCherry-461-s2.mp3?v=1&vvv=1" 
[2025-12-02T01:49:04+08:00] 206 "/chfs/shared/FILES/E-sysTemp/body/snow/kaCherry-461/kaCherry-461-s2.mp3?v=1&vvv=1" 
[2025-12-02T01:49:05+08:00] 206 "/chfs/shared/FILES/E-sysTemp/body/snow/kaCherry-461/kaCherry-461-s2.mp3?v=1&vvv=1" 
[2025-12-02T01:49:07+08:00] 206 "/chfs/shared/FILES/E-sysTemp/body/snow/kaCherry-461/kaCherry-461-s2.mp3?v=1&vvv=1" 
[2025-12-04T03:22:04+08:00] 200 "/chfs/shared/FILES/F-sysTemp/Virtualv/wf/south/ipCherry-128/ipCherry-128-teach.mp3?v=1&vvv=1" 
[2025-12-04T03:22:04+08:00] 206 "/chfs/shared/FILES/F-sysTemp/Virtualv/wf/south/ipCherry-128/ipCherry-128-teach.mp3?v=1&vvv=1" 
[2025-12-04T03:22:04+08:00] 206 "/chfs/shared/FILES/F-sysTemp/Virtualv/wf/south/ipCherry-128/ipCherry-128-teach.mp3?v=1&vvv=1" 
[2025-12-04T03:22:05+08:00] 206 "/chfs/shared/FILES/F-sysTemp/Virtualv/wf/south/ipCherry-128/ipCherry-128-teach.mp3?v=1&vvv=1" 
[2025-12-04T03:22:06+08:00] 206 "/chfs/shared/FILES/F-sysTemp/Virtualv/wf/south/ipCherry-128/ipCherry-128-teach.mp3?v=1&vvv=1" 
[2025-12-04T03:22:06+08:00] 206 "/chfs/shared/FILES/F-sysTemp/Virtualv/wf/south/ipCherry-128/ipCherry-128-teach.mp3?v=1&vvv=1" 
[2025-12-04T03:22:08+08:00] 206 "/chfs/shared/FILES/F-sysTemp/Virtualv/wf/south/ipCherry-128/ipCherry-128-teach.mp3?v=1&vvv=1" 
[2025-12-04T03:22:10+08:00] 206 "/chfs/shared/FILES/F-sysTemp/Virtualv/wf/south/ipCherry-128/ipCherry-128-teach.mp3?v=1&vvv=1" 
[2025-12-04T03:22:12+08:00] 206 "/chfs/shared/FILES/F-sysTemp/Virtualv/wf/south/ipCherry-128/ipCherry-128-teach.mp3?v=1&vvv=1" 
[2025-12-05T02:17:43+08:00] 200 "/chfs/shared/FILES/E-sysTemp/body/northFlower/apache-flower-v3-siCherry-427/siCherry-427-s2.mp3?v=1&vvv=1" 
[2025-12-05T02:17:44+08:00] 206 "/chfs/shared/FILES/E-sysTemp/body/northFlower/apache-flower-v3-siCherry-427/siCherry-427-s2.mp3?v=1&vvv=1" 
[2025-12-05T02:17:48+08:00] 206 "/chfs/shared/FILES/E-sysTemp/body/northFlower/apache-flower-v3-siCherry-427/siCherry-427-s2.mp3?v=1&vvv=1" 
[2025-12-05T02:17:50+08:00] 206 "/chfs/shared/FILES/E-sysTemp/body/northFlower/apache-flower-v3-siCherry-427/siCherry-427-s2.mp3?v=1&vvv=1" 
[2025-12-05T02:17:51+08:00] 206 "/chfs/shared/FILES/E-sysTemp/body/northFlower/apache-flower-v3-siCherry-427/siCherry-427-s2.mp3?v=1&vvv=1" 
[2025-12-05T02:17:54+08:00] 206 "/chfs/shared/FILES/E-sysTemp/body/northFlower/apache-flower-v3-siCherry-427/siCherry-427-s2.mp3?v=1&vvv=1" 
[2025-12-05T02:17:55+08:00] 499 "/chfs/shared/FILES/E-sysTemp/body/northFlower/apache-flower-v3-siCherry-427/siCherry-427-s2.mp3?v=1&vvv=1" 
[2025-12-05T02:17:57+08:00] 206 "/chfs/shared/FILES/E-sysTemp/body/northFlower/apache-flower-v3-siCherry-427/siCherry-427-s2.mp3?v=1&vvv=1" 
[2025-12-06T02:51:57+08:00] 200 "/chfs/shared/FILES/E-sysTemp/Cow/teeth/journalCat-054/journalCat-054.mp3?v=1&vvv=1" 
[2025-12-06T02:51:57+08:00] 206 "/chfs/shared/FILES/E-sysTemp/Cow/teeth/journalCat-054/journalCat-054.mp3?v=1&vvv=1" 
[2025-12-06T02:51:57+08:00] 206 "/chfs/shared/FILES/E-sysTemp/Cow/teeth/journalCat-054/journalCat-054.mp3?v=1&vvv=1" 
[2025-12-06T02:51:58+08:00] 206 "/chfs/shared/FILES/E-sysTemp/Cow/teeth/journalCat-054/journalCat-054.mp3?v=1&vvv=1" 
[2025-12-06T02:51:59+08:00] 206 "/chfs/shared/FILES/E-sysTemp/Cow/teeth/journalCat-054/journalCat-054.mp3?v=1&vvv=1" 
[2025-12-06T02:52:02+08:00] 206 "/chfs/shared/FILES/E-sysTemp/Cow/teeth/journalCat-054/journalCat-054.mp3?v=1&vvv=1" 
[2025-12-09T02:38:53+08:00] 200 "/chfs/shared/FILES/E-sysTemp/body/HD/saCherry-504//saCherry-504.mp3?v=1&vvv=1" 
[2025-12-09T02:38:53+08:00] 206 "/chfs/shared/FILES/E-sysTemp/body/HD/saCherry-504//saCherry-504.mp3?v=1&vvv=1" 
[2025-12-09T02:38:54+08:00] 206 "/chfs/shared/FILES/E-sysTemp/body/HD/saCherry-504//saCherry-504.mp3?v=1&vvv=1" 
[2025-12-09T02:38:55+08:00] 206 "/chfs/shared/FILES/E-sysTemp/body/HD/saCherry-504//saCherry-504.mp3?v=1&vvv=1" 
[2025-12-09T02:38:56+08:00] 206 "/chfs/shared/FILES/E-sysTemp/body/HD/saCherry-504//saCherry-504.mp3?v=1&vvv=1" 
[2025-12-09T02:38:57+08:00] 206 "/chfs/shared/FILES/E-sysTemp/body/HD/saCherry-504//saCherry-504.mp3?v=1&vvv=1" 
[2025-12-09T02:38:59+08:00] 206 "/chfs/shared/FILES/E-sysTemp/body/HD/saCherry-504//saCherry-504.mp3?v=1&vvv=1" 
[2025-12-12T01:51:03+08:00] 200 "/chfs/shared/FILES/E-sysTemp/body/northFlower/apache-flower-v3-siCherry-270/siCherry-270-s2.mp3?v=1&vvv=1" 
[2025-12-12T01:51:03+08:00] 206 "/chfs/shared/FILES/E-sysTemp/body/northFlower/apache-flower-v3-siCherry-270/siCherry-270-s2.mp3?v=1&vvv=1" 
[2025-12-12T01:51:03+08:00] 206 "/chfs/shared/FILES/E-sysTemp/body/northFlower/apache-flower-v3-siCherry-270/siCherry-270-s2.mp3?v=1&vvv=1" 
[2025-12-12T01:51:04+08:00] 206 "/chfs/shared/FILES/E-sysTemp/body/northFlower/apache-flower-v3-siCherry-270/siCherry-270-s2.mp3?v=1&vvv=1" 
[2025-12-12T01:51:05+08:00] 206 "/chfs/shared/FILES/E-sysTemp/body/northFlower/apache-flower-v3-siCherry-270/siCherry-270-s2.mp3?v=1&vvv=1" 
[2025-12-12T01:51:06+08:00] 206 "/chfs/shared/FILES/E-sysTemp/body/northFlower/apache-flower-v3-siCherry-270/siCherry-270-s2.mp3?v=1&vvv=1" 
[2025-12-12T01:51:10+08:00] 206 "/chfs/shared/FILES/E-sysTemp/body/northFlower/apache-flower-v3-siCherry-270/siCherry-270-s2.mp3?v=1&vvv=1" 
[2025-12-14T01:50:39+08:00] 200 "/chfs/shared/FILES/E-sysTemp/Cow/pine-pear/dsCherry-1507/dsCherry-1507.mp3?v=1&vvv=1" 
[2025-12-14T01:50:39+08:00] 206 "/chfs/shared/FILES/E-sysTemp/Cow/pine-pear/dsCherry-1507/dsCherry-1507.mp3?v=1&vvv=1" 
[2025-12-14T01:50:40+08:00] 206 "/chfs/shared/FILES/E-sysTemp/Cow/pine-pear/dsCherry-1507/dsCherry-1507.mp3?v=1&vvv=1" 
[2025-12-14T01:50:41+08:00] 206 "/chfs/shared/FILES/E-sysTemp/Cow/pine-pear/dsCherry-1507/dsCherry-1507.mp3?v=1&vvv=1" 
[2025-12-14T01:50:42+08:00] 206 "/chfs/shared/FILES/E-sysTemp/Cow/pine-pear/dsCherry-1507/dsCherry-1507.mp3?v=1&vvv=1" 
[2025-12-14T01:50:46+08:00] 206 "/chfs/shared/FILES/E-sysTemp/Cow/pine-pear/dsCherry-1507/dsCherry-1507.mp3?v=1&vvv=1" 
[2025-12-15T01:49:40+08:00] 200 "/chfs/shared/FILES/E-sysTemp/Cow/ball-stone/siCherry-355/siCherry-355.mp3?v=1&vvv=1" 
[2025-12-15T01:49:41+08:00] 206 "/chfs/shared/FILES/E-sysTemp/Cow/ball-stone/siCherry-355/siCherry-355.mp3?v=1&vvv=1" 
[2025-12-15T01:49:41+08:00] 206 "/chfs/shared/FILES/E-sysTemp/Cow/ball-stone/siCherry-355/siCherry-355.mp3?v=1&vvv=1" 
[2025-12-15T01:49:42+08:00] 206 "/chfs/shared/FILES/E-sysTemp/Cow/ball-stone/siCherry-355/siCherry-355.mp3?v=1&vvv=1" 
[2025-12-15T01:49:44+08:00] 206 "/chfs/shared/FILES/E-sysTemp/Cow/ball-stone/siCherry-355/siCherry-355.mp3?v=1&vvv=1" 
[2025-12-15T01:49:48+08:00] 206 "/chfs/shared/FILES/E-sysTemp/Cow/ball-stone/siCherry-355/siCherry-355.mp3?v=1&vvv=1" 
[2025-12-15T01:49:51+08:00] 206 "/chfs/shared/FILES/E-sysTemp/Cow/ball-stone/siCherry-355/siCherry-355.mp3?v=1&vvv=1" 
[2025-12-15T01:49:51+08:00] 206 "/chfs/shared/FILES/E-sysTemp/Cow/ball-stone/siCherry-355/siCherry-355.mp3?v=1&vvv=1" 
[2025-12-17T02:40:25+08:00] 200 "/chfs/shared/FILES/E-sysTemp/body/fen/ipCherry-273/ipCherry-273-s1.mp3?v=1&vvv=1" 
[2025-12-17T02:40:25+08:00] 206 "/chfs/shared/FILES/E-sysTemp/body/fen/ipCherry-273/ipCherry-273-s1.mp3?v=1&vvv=1" 
[2025-12-17T02:40:26+08:00] 206 "/chfs/shared/FILES/E-sysTemp/body/fen/ipCherry-273/ipCherry-273-s1.mp3?v=1&vvv=1" 
[2025-12-17T02:40:27+08:00] 206 "/chfs/shared/FILES/E-sysTemp/body/fen/ipCherry-273/ipCherry-273-s1.mp3?v=1&vvv=1" 
[2025-12-17T02:40:30+08:00] 206 "/chfs/shared/FILES/E-sysTemp/body/fen/ipCherry-273/ipCherry-273-s1.mp3?v=1&vvv=1" 
[2025-12-17T02:40:32+08:00] 206 "/chfs/shared/FILES/E-sysTemp/body/fen/ipCherry-273/ipCherry-273-s1.mp3?v=1&vvv=1" 
[2025-12-17T02:40:34+08:00] 206 "/chfs/shared/FILES/E-sysTemp/body/fen/ipCherry-273/ipCherry-273-s1.mp3?v=1&vvv=1" 
[2025-12-19T02:06:54+08:00] 200 "/chfs/shared/FILES/E-sysTemp/Cow/teeth/kaCherry-347/kaCherry-347-s1.mp3?v=1&vvv=1" 
[2025-12-19T02:06:54+08:00] 206 "/chfs/shared/FILES/E-sysTemp/Cow/teeth/kaCherry-347/kaCherry-347-s1.mp3?v=1&vvv=1" 
[2025-12-19T02:06:55+08:00] 206 "/chfs/shared/FILES/E-sysTemp/Cow/teeth/kaCherry-347/kaCherry-347-s1.mp3?v=1&vvv=1" 
[2025-12-19T02:06:56+08:00] 206 "/chfs/shared/FILES/E-sysTemp/Cow/teeth/kaCherry-347/kaCherry-347-s1.mp3?v=1&vvv=1" 
[2025-12-19T02:06:57+08:00] 206 "/chfs/shared/FILES/E-sysTemp/Cow/teeth/kaCherry-347/kaCherry-347-s1.mp3?v=1&vvv=1" 
[2025-12-19T02:07:00+08:00] 206 "/chfs/shared/FILES/E-sysTemp/Cow/teeth/kaCherry-347/kaCherry-347-s1.mp3?v=1&vvv=1" 
[2025-12-23T01:18:28+08:00] 200 "/chfs/shared/FILES/E-sysTemp/Cow/qzz/apache-pig-v3-saCherry-421/saCherry-421-s2.mp3?v=1&vvv=1" 
[2025-12-23T01:18:29+08:00] 206 "/chfs/shared/FILES/E-sysTemp/Cow/qzz/apache-pig-v3-saCherry-421/saCherry-421-s2.mp3?v=1&vvv=1" 
[2025-12-23T01:18:29+08:00] 206 "/chfs/shared/FILES/E-sysTemp/Cow/qzz/apache-pig-v3-saCherry-421/saCherry-421-s2.mp3?v=1&vvv=1" 
[2025-12-23T01:18:30+08:00] 206 "/chfs/shared/FILES/E-sysTemp/Cow/qzz/apache-pig-v3-saCherry-421/saCherry-421-s2.mp3?v=1&vvv=1" 
[2025-12-23T01:18:33+08:00] 206 "/chfs/shared/FILES/E-sysTemp/Cow/qzz/apache-pig-v3-saCherry-421/saCherry-421-s2.mp3?v=1&vvv=1" 
[2025-12-23T01:18:35+08:00] 206 "/chfs/shared/FILES/E-sysTemp/Cow/qzz/apache-pig-v3-saCherry-421/saCherry-421-s2.mp3?v=1&vvv=1" 
[2025-12-24T03:11:01+08:00] 200 "/chfs/shared/FILES/E-sysTemp/Cow/lotus-leaf/apache-v3-TASK-564/TASK-564-persist.mp3?v=1&vvv=1" 
[2025-12-24T03:11:01+08:00] 206 "/chfs/shared/FILES/E-sysTemp/Cow/lotus-leaf/apache-v3-TASK-564/TASK-564-persist.mp3?v=1&vvv=1" 
[2025-12-24T03:11:02+08:00] 206 "/chfs/shared/FILES/E-sysTemp/Cow/lotus-leaf/apache-v3-TASK-564/TASK-564-persist.mp3?v=1&vvv=1" 
[2025-12-24T03:11:03+08:00] 206 "/chfs/shared/FILES/E-sysTemp/Cow/lotus-leaf/apache-v3-TASK-564/TASK-564-persist.mp3?v=1&vvv=1" 
[2025-12-24T03:11:05+08:00] 206 "/chfs/shared/FILES/E-sysTemp/Cow/lotus-leaf/apache-v3-TASK-564/TASK-564-persist.mp3?v=1&vvv=1" 
[2025-12-24T03:11:05+08:00] 206 "/chfs/shared/FILES/E-sysTemp/Cow/lotus-leaf/apache-v3-TASK-564/TASK-564-persist.mp3?v=1&vvv=1" 
[2025-12-24T03:11:08+08:00] 206 "/chfs/shared/FILES/E-sysTemp/Cow/lotus-leaf/apache-v3-TASK-564/TASK-564-persist.mp3?v=1&vvv=1" 
[2025-12-27T02:25:19+08:00] 200 "/chfs/shared/FILES/F-sysTemp/Virtualv/peach/ipCherry-090/ipCherry-090-s2.mp3?v=1&vvv=1" 
[2025-12-27T02:25:20+08:00] 206 "/chfs/shared/FILES/F-sysTemp/Virtualv/peach/ipCherry-090/ipCherry-090-s2.mp3?v=1&vvv=1" 
[2025-12-27T02:25:24+08:00] 206 "/chfs/shared/FILES/F-sysTemp/Virtualv/peach/ipCherry-090/ipCherry-090-s2.mp3?v=1&vvv=1" 
[2025-12-27T02:25:29+08:00] 206 "/chfs/shared/FILES/F-sysTemp/Virtualv/peach/ipCherry-090/ipCherry-090-s2.mp3?v=1&vvv=1" 
[2025-12-27T02:25:31+08:00] 206 "/chfs/shared/FILES/F-sysTemp/Virtualv/peach/ipCherry-090/ipCherry-090-s2.mp3?v=1&vvv=1" 
[2025-12-29T02:01:36+08:00] 200 "/chfs/shared/FILES/F-sysTemp/Virtualv/wf/south/ipCherry-175/ipCherry-175.mp3?v=1&vvv=1" 
[2025-12-29T02:01:37+08:00] 206 "/chfs/shared/FILES/F-sysTemp/Virtualv/wf/south/ipCherry-175/ipCherry-175.mp3?v=1&vvv=1" 
[2025-12-29T02:01:37+08:00] 206 "/chfs/shared/FILES/F-sysTemp/Virtualv/wf/south/ipCherry-175/ipCherry-175.mp3?v=1&vvv=1" 
[2025-12-29T02:01:38+08:00] 206 "/chfs/shared/FILES/F-sysTemp/Virtualv/wf/south/ipCherry-175/ipCherry-175.mp3?v=1&vvv=1" 
[2025-12-29T02:01:39+08:00] 206 "/chfs/shared/FILES/F-sysTemp/Virtualv/wf/south/ipCherry-175/ipCherry-175.mp3?v=1&vvv=1" 
[2025-12-29T02:01:43+08:00] 206 "/chfs/shared/FILES/F-sysTemp/Virtualv/wf/south/ipCherry-175/ipCherry-175.mp3?v=1&vvv=1" 
[2025-12-31T04:16:54+08:00] 200 "/chfs/shared/FILES/E-sysTemp/Cow/sun-direction/siCherry-264/siCherry-264-s2.mp3?v=1&vvv=1" 
[2025-12-31T04:16:54+08:00] 206 "/chfs/shared/FILES/E-sysTemp/Cow/sun-direction/siCherry-264/siCherry-264-s2.mp3?v=1&vvv=1" 
[2025-12-31T04:16:54+08:00] 206 "/chfs/shared/FILES/E-sysTemp/Cow/sun-direction/siCherry-264/siCherry-264-s2.mp3?v=1&vvv=1" 
[2025-12-31T04:16:56+08:00] 206 "/chfs/shared/FILES/E-sysTemp/Cow/sun-direction/siCherry-264/siCherry-264-s2.mp3?v=1&vvv=1" 
[2025-12-31T04:16:57+08:00] 206 "/chfs/shared/FILES/E-sysTemp/Cow/sun-direction/siCherry-264/siCherry-264-s2.mp3?v=1&vvv=1" 
[2025-12-31T04:17:03+08:00] 206 "/chfs/shared/FILES/E-sysTemp/Cow/sun-direction/siCherry-264/siCherry-264-s2.mp3?v=1&vvv=1" 
[2026-01-03T01:51:19+08:00] 200 "/chfs/shared/FILES/E-sysTemp/body/cute/localtown-love/siCherry-291/siCherry-291.mp3?v=1&vvv=1" 
[2026-01-03T01:51:19+08:00] 206 "/chfs/shared/FILES/E-sysTemp/body/cute/localtown-love/siCherry-291/siCherry-291.mp3?v=1&vvv=1" 
[2026-01-03T01:51:19+08:00] 206 "/chfs/shared/FILES/E-sysTemp/body/cute/localtown-love/siCherry-291/siCherry-291.mp3?v=1&vvv=1" 
[2026-01-03T01:51:21+08:00] 206 "/chfs/shared/FILES/E-sysTemp/body/cute/localtown-love/siCherry-291/siCherry-291.mp3?v=1&vvv=1" 
[2026-01-03T01:51:22+08:00] 206 "/chfs/shared/FILES/E-sysTemp/body/cute/localtown-love/siCherry-291/siCherry-291.mp3?v=1&vvv=1" 
[2026-01-03T01:51:22+08:00] 206 "/chfs/shared/FILES/E-sysTemp/body/cute/localtown-love/siCherry-291/siCherry-291.mp3?v=1&vvv=1" 
[2026-01-03T01:51:24+08:00] 206 "/chfs/shared/FILES/E-sysTemp/body/cute/localtown-love/siCherry-291/siCherry-291.mp3?v=1&vvv=1" 
[2026-01-05T01:31:50+08:00] 200 "/chfs/shared/FILES/E-sysTemp/Cow/dreamMilk/siCherry-276//siCherry-276-s1.mp3?v=1&vvv=1" 
[2026-01-05T01:31:50+08:00] 206 "/chfs/shared/FILES/E-sysTemp/Cow/dreamMilk/siCherry-276//siCherry-276-s1.mp3?v=1&vvv=1" 
[2026-01-05T01:31:51+08:00] 206 "/chfs/shared/FILES/E-sysTemp/Cow/dreamMilk/siCherry-276//siCherry-276-s1.mp3?v=1&vvv=1" 
[2026-01-05T01:31:52+08:00] 206 "/chfs/shared/FILES/E-sysTemp/Cow/dreamMilk/siCherry-276//siCherry-276-s1.mp3?v=1&vvv=1" 
[2026-01-05T01:31:52+08:00] 206 "/chfs/shared/FILES/E-sysTemp/Cow/dreamMilk/siCherry-276//siCherry-276-s1.mp3?v=1&vvv=1" 
[2026-01-05T01:31:56+08:00] 206 "/chfs/shared/FILES/E-sysTemp/Cow/dreamMilk/siCherry-276//siCherry-276-s1.mp3?v=1&vvv=1" 
[2026-01-05T01:31:58+08:00] 206 "/chfs/shared/FILES/E-sysTemp/Cow/dreamMilk/siCherry-276//siCherry-276-s1.mp3?v=1&vvv=1" 
[2026-01-07T02:14:35+08:00] 200 "/chfs/shared/FILES/E-sysTemp/body/snow/kaCherry-306/kaCherry-306-s2.mp3?v=1&vvv=1" 
[2026-01-07T02:14:36+08:00] 206 "/chfs/shared/FILES/E-sysTemp/body/snow/kaCherry-306/kaCherry-306-s2.mp3?v=1&vvv=1" 
[2026-01-07T02:14:36+08:00] 206 "/chfs/shared/FILES/E-sysTemp/body/snow/kaCherry-306/kaCherry-306-s2.mp3?v=1&vvv=1" 
[2026-01-07T02:14:36+08:00] 206 "/chfs/shared/FILES/E-sysTemp/body/snow/kaCherry-306/kaCherry-306-s2.mp3?v=1&vvv=1" 
[2026-01-07T02:14:37+08:00] 206 "/chfs/shared/FILES/E-sysTemp/body/snow/kaCherry-306/kaCherry-306-s2.mp3?v=1&vvv=1" 
[2026-01-07T02:14:40+08:00] 206 "/chfs/shared/FILES/E-sysTemp/body/snow/kaCherry-306/kaCherry-306-s2.mp3?v=1&vvv=1" 
[2026-01-07T02:14:44+08:00] 206 "/chfs/shared/FILES/E-sysTemp/body/snow/kaCherry-306/kaCherry-306-s2.mp3?v=1&vvv=1" 
[2026-01-11T04:06:12+08:00] 200 "/chfs/shared/FILES/E-sysTemp/body/teach/apache-v3-DSCherry-1558/DSCherry-1558.mp3?v=1&vvv=1" 
[2026-01-11T04:06:12+08:00] 206 "/chfs/shared/FILES/E-sysTemp/body/teach/apache-v3-DSCherry-1558/DSCherry-1558.mp3?v=1&vvv=1" 
[2026-01-11T04:06:13+08:00] 206 "/chfs/shared/FILES/E-sysTemp/body/teach/apache-v3-DSCherry-1558/DSCherry-1558.mp3?v=1&vvv=1" 
[2026-01-11T04:06:14+08:00] 206 "/chfs/shared/FILES/E-sysTemp/body/teach/apache-v3-DSCherry-1558/DSCherry-1558.mp3?v=1&vvv=1" 
[2026-01-11T04:06:15+08:00] 206 "/chfs/shared/FILES/E-sysTemp/body/teach/apache-v3-DSCherry-1558/DSCherry-1558.mp3?v=1&vvv=1" 
[2026-01-11T04:06:15+08:00] 206 "/chfs/shared/FILES/E-sysTemp/body/teach/apache-v3-DSCherry-1558/DSCherry-1558.mp3?v=1&vvv=1" 
[2026-01-11T04:06:16+08:00] 206 "/chfs/shared/FILES/E-sysTemp/body/teach/apache-v3-DSCherry-1558/DSCherry-1558.mp3?v=1&vvv=1" 
[2026-01-13T02:30:29+08:00] 200 "/chfs/shared/FILES/E-sysTemp/body/deepField/zinx-v3-prCherry-001/prCherry-001.mp3?v=1&vvv=1" 
[2026-01-13T02:30:29+08:00] 206 "/chfs/shared/FILES/E-sysTemp/body/deepField/zinx-v3-prCherry-001/prCherry-001.mp3?v=1&vvv=1" 
[2026-01-13T02:30:29+08:00] 206 "/chfs/shared/FILES/E-sysTemp/body/deepField/zinx-v3-prCherry-001/prCherry-001.mp3?v=1&vvv=1" 
[2026-01-13T02:30:34+08:00] 206 "/chfs/shared/FILES/E-sysTemp/body/deepField/zinx-v3-prCherry-001/prCherry-001.mp3?v=1&vvv=1" 
[2026-01-13T02:30:34+08:00] 206 "/chfs/shared/FILES/E-sysTemp/body/deepField/zinx-v3-prCherry-001/prCherry-001.mp3?v=1&vvv=1" 
[2026-01-13T02:30:36+08:00] 206 "/chfs/shared/FILES/E-sysTemp/body/deepField/zinx-v3-prCherry-001/prCherry-001.mp3?v=1&vvv=1" 
[2026-01-15T04:10:16+08:00] 200 "/chfs/shared/FILES/E-sysTemp/body/beauty-cloth/SACherry-669/saCherry-669.mp3?v=1&vvv=1" 
[2026-01-15T04:10:17+08:00] 206 "/chfs/shared/FILES/E-sysTemp/body/beauty-cloth/SACherry-669/saCherry-669.mp3?v=1&vvv=1" 
[2026-01-15T04:10:18+08:00] 206 "/chfs/shared/FILES/E-sysTemp/body/beauty-cloth/SACherry-669/saCherry-669.mp3?v=1&vvv=1" 
[2026-01-15T04:10:20+08:00] 206 "/chfs/shared/FILES/E-sysTemp/body/beauty-cloth/SACherry-669/saCherry-669.mp3?v=1&vvv=1" 
[2026-01-15T04:10:22+08:00] 206 "/chfs/shared/FILES/E-sysTemp/body/beauty-cloth/SACherry-669/saCherry-669.mp3?v=1&vvv=1" 
[2026-01-15T04:10:26+08:00] 206 "/chfs/shared/FILES/E-sysTemp/body/beauty-cloth/SACherry-669/saCherry-669.mp3?v=1&vvv=1" 
[2026-01-16T02:50:04+08:00] 200 "/chfs/shared/FILES/F-sysTemp/Virtualv/wf/south/IPCherry-120/IPCherry-120.mp3?v=1&vvv=1" 
[2026-01-16T02:50:04+08:00] 206 "/chfs/shared/FILES/F-sysTemp/Virtualv/wf/south/IPCherry-120/IPCherry-120.mp3?v=1&vvv=1" 
[2026-01-16T02:50:05+08:00] 206 "/chfs/shared/FILES/F-sysTemp/Virtualv/wf/south/IPCherry-120/IPCherry-120.mp3?v=1&vvv=1" 
[2026-01-16T02:50:06+08:00] 206 "/chfs/shared/FILES/F-sysTemp/Virtualv/wf/south/IPCherry-120/IPCherry-120.mp3?v=1&vvv=1" 
[2026-01-16T02:50:09+08:00] 206 "/chfs/shared/FILES/F-sysTemp/Virtualv/wf/south/IPCherry-120/IPCherry-120.mp3?v=1&vvv=1" 
[2026-01-16T02:50:11+08:00] 206 "/chfs/shared/FILES/F-sysTemp/Virtualv/wf/south/IPCherry-120/IPCherry-120.mp3?v=1&vvv=1" 
[2026-01-16T02:50:19+08:00] 200 "/chfs/shared/FILES/F-sysTemp/Virtualv/wf/south/IPCherry-120/IPCherry-120.mp3?v=1&vvv=1" 
[2026-01-16T02:50:19+08:00] 206 "/chfs/shared/FILES/F-sysTemp/Virtualv/wf/south/IPCherry-120/IPCherry-120.mp3?v=1&vvv=1" 
[2026-01-16T02:50:19+08:00] 206 "/chfs/shared/FILES/F-sysTemp/Virtualv/wf/south/IPCherry-120/IPCherry-120.mp3?v=1&vvv=1" 
[2026-01-16T02:50:20+08:00] 206 "/chfs/shared/FILES/F-sysTemp/Virtualv/wf/south/IPCherry-120/IPCherry-120.mp3?v=1&vvv=1" 
[2026-01-16T02:50:21+08:00] 206 "/chfs/shared/FILES/F-sysTemp/Virtualv/wf/south/IPCherry-120/IPCherry-120.mp3?v=1&vvv=1" 
[2026-01-16T02:50:22+08:00] 206 "/chfs/shared/FILES/F-sysTemp/Virtualv/wf/south/IPCherry-120/IPCherry-120.mp3?v=1&vvv=1" 
[2026-01-16T02:50:25+08:00] 206 "/chfs/shared/FILES/F-sysTemp/Virtualv/wf/south/IPCherry-120/IPCherry-120.mp3?v=1&vvv=1" 
[2026-01-16T02:50:27+08:00] 206 "/chfs/shared/FILES/F-sysTemp/Virtualv/wf/south/IPCherry-120/IPCherry-120.mp3?v=1&vvv=1" 
[2026-01-20T02:55:33+08:00] 200 "/chfs/shared/FILES/E-sysTemp/Cow/dreamMilk/SICherry-100/siCherry-100-s1.mp3?v=1&vvv=1" 
[2026-01-20T02:55:33+08:00] 206 "/chfs/shared/FILES/E-sysTemp/Cow/dreamMilk/SICherry-100/siCherry-100-s1.mp3?v=1&vvv=1" 
[2026-01-20T02:55:33+08:00] 206 "/chfs/shared/FILES/E-sysTemp/Cow/dreamMilk/SICherry-100/siCherry-100-s1.mp3?v=1&vvv=1" 
[2026-01-20T02:55:34+08:00] 206 "/chfs/shared/FILES/E-sysTemp/Cow/dreamMilk/SICherry-100/siCherry-100-s1.mp3?v=1&vvv=1" 
[2026-01-20T02:55:35+08:00] 206 "/chfs/shared/FILES/E-sysTemp/Cow/dreamMilk/SICherry-100/siCherry-100-s1.mp3?v=1&vvv=1" 
[2026-01-20T02:55:40+08:00] 206 "/chfs/shared/FILES/E-sysTemp/Cow/dreamMilk/SICherry-100/siCherry-100-s1.mp3?v=1&vvv=1" 
[2026-01-20T02:55:42+08:00] 206 "/chfs/shared/FILES/E-sysTemp/Cow/dreamMilk/SICherry-100/siCherry-100-s1.mp3?v=1&vvv=1" 
[2026-01-20T02:55:46+08:00] 206 "/chfs/shared/FILES/E-sysTemp/Cow/dreamMilk/SICherry-100/siCherry-100-s1.mp3?v=1&vvv=1" 
[2026-01-20T02:55:49+08:00] 206 "/chfs/shared/FILES/E-sysTemp/Cow/dreamMilk/SICherry-100/siCherry-100-s1.mp3?v=1&vvv=1" 
[2026-01-22T01:14:03+08:00] 200 "/chfs/shared/FILES/E-sysTemp/Cow/tiger/siCherry-336/siCherry-336-s1.mp3?v=1&vvv=1" 
[2026-01-22T01:14:03+08:00] 206 "/chfs/shared/FILES/E-sysTemp/Cow/tiger/siCherry-336/siCherry-336-s1.mp3?v=1&vvv=1" 
[2026-01-22T01:14:06+08:00] 206 "/chfs/shared/FILES/E-sysTemp/Cow/tiger/siCherry-336/siCherry-336-s1.mp3?v=1&vvv=1" 
[2026-01-22T01:14:12+08:00] 206 "/chfs/shared/FILES/E-sysTemp/Cow/tiger/siCherry-336/siCherry-336-s1.mp3?v=1&vvv=1" 
[2026-01-22T01:14:19+08:00] 206 "/chfs/shared/FILES/E-sysTemp/Cow/tiger/siCherry-336/siCherry-336-s1.mp3?v=1&vvv=1" 
[2026-01-22T01:14:28+08:00] 206 "/chfs/shared/FILES/E-sysTemp/Cow/tiger/siCherry-336/siCherry-336-s1.mp3?v=1&vvv=1" 
[2026-01-25T02:08:13+08:00] 200 "/chfs/shared/FILES/E-sysTemp/body/black-island/SACherry-767/SACherry-767-s2.mp3?v=1&vvv=1" 
[2026-01-25T02:08:17+08:00] 206 "/chfs/shared/FILES/E-sysTemp/body/black-island/SACherry-767/SACherry-767-s2.mp3?v=1&vvv=1" 
[2026-01-25T02:08:18+08:00] 206 "/chfs/shared/FILES/E-sysTemp/body/black-island/SACherry-767/SACherry-767-s2.mp3?v=1&vvv=1" 
[2026-01-25T02:08:24+08:00] 206 "/chfs/shared/FILES/E-sysTemp/body/black-island/SACherry-767/SACherry-767-s2.mp3?v=1&vvv=1" 
[2026-01-25T02:08:28+08:00] 206 "/chfs/shared/FILES/E-sysTemp/body/black-island/SACherry-767/SACherry-767-s2.mp3?v=1&vvv=1" 
[2026-01-26T02:24:51+08:00] 200 "/chfs/shared/FILES/E-sysTemp/body/west-palace/netsp-286/netsp-286.mp3?v=1&vvv=1" 
[2026-01-26T02:24:52+08:00] 206 "/chfs/shared/FILES/E-sysTemp/body/west-palace/netsp-286/netsp-286.mp3?v=1&vvv=1" 
[2026-01-26T02:24:52+08:00] 206 "/chfs/shared/FILES/E-sysTemp/body/west-palace/netsp-286/netsp-286.mp3?v=1&vvv=1" 
[2026-01-26T02:24:53+08:00] 206 "/chfs/shared/FILES/E-sysTemp/body/west-palace/netsp-286/netsp-286.mp3?v=1&vvv=1" 
[2026-01-26T02:24:57+08:00] 206 "/chfs/shared/FILES/E-sysTemp/body/west-palace/netsp-286/netsp-286.mp3?v=1&vvv=1" 
[2026-01-26T02:24:59+08:00] 206 "/chfs/shared/FILES/E-sysTemp/body/west-palace/netsp-286/netsp-286.mp3?v=1&vvv=1" 
[2026-01-31T03:03:54+08:00] 200 "/chfs/shared/FILES/E-sysTemp/body/stone-river/mdCherry-353/mdCherry-353-s1.mp3?v=1&vvv=1" 
[2026-01-31T03:03:55+08:00] 206 "/chfs/shared/FILES/E-sysTemp/body/stone-river/mdCherry-353/mdCherry-353-s1.mp3?v=1&vvv=1" 
[2026-01-31T03:03:56+08:00] 206 "/chfs/shared/FILES/E-sysTemp/body/stone-river/mdCherry-353/mdCherry-353-s1.mp3?v=1&vvv=1" 
[2026-01-31T03:03:59+08:00] 206 "/chfs/shared/FILES/E-sysTemp/body/stone-river/mdCherry-353/mdCherry-353-s1.mp3?v=1&vvv=1" 
[2026-02-07T07:41:51+08:00] 200 "/chfs/shared/FILES/E-sysTemp/body/snow/kaCherry-233/kaCherry-233-s1.mp3?v=1&vvv=1" 
[2026-02-07T07:41:51+08:00] 206 "/chfs/shared/FILES/E-sysTemp/body/snow/kaCherry-233/kaCherry-233-s1.mp3?v=1&vvv=1" 
[2026-02-07T07:41:52+08:00] 206 "/chfs/shared/FILES/E-sysTemp/body/snow/kaCherry-233/kaCherry-233-s1.mp3?v=1&vvv=1" 
[2026-02-07T07:41:53+08:00] 206 "/chfs/shared/FILES/E-sysTemp/body/snow/kaCherry-233/kaCherry-233-s1.mp3?v=1&vvv=1" 
[2026-02-07T07:41:57+08:00] 206 "/chfs/shared/FILES/E-sysTemp/body/snow/kaCherry-233/kaCherry-233-s1.mp3?v=1&vvv=1" 
[2026-02-07T07:42:01+08:00] 206 "/chfs/shared/FILES/E-sysTemp/body/snow/kaCherry-233/kaCherry-233-s1.mp3?v=1&vvv=1" 
[2026-02-12T02:29:55+08:00] 200 "/chfs/shared/FILES/E-sysTemp/body/panelRoad/siCherry-214/siCherry-214-s2.mp3?v=1&vvv=1" 
[2026-02-12T02:29:55+08:00] 206 "/chfs/shared/FILES/E-sysTemp/body/panelRoad/siCherry-214/siCherry-214-s2.mp3?v=1&vvv=1" 
[2026-02-12T02:29:56+08:00] 206 "/chfs/shared/FILES/E-sysTemp/body/panelRoad/siCherry-214/siCherry-214-s2.mp3?v=1&vvv=1" 
[2026-02-12T02:29:57+08:00] 206 "/chfs/shared/FILES/E-sysTemp/body/panelRoad/siCherry-214/siCherry-214-s2.mp3?v=1&vvv=1" 
[2026-02-12T02:29:58+08:00] 206 "/chfs/shared/FILES/E-sysTemp/body/panelRoad/siCherry-214/siCherry-214-s2.mp3?v=1&vvv=1" 
[2026-02-12T02:30:01+08:00] 206 "/chfs/shared/FILES/E-sysTemp/body/panelRoad/siCherry-214/siCherry-214-s2.mp3?v=1&vvv=1" 
